RSSI,distance,snow_depth,temperature,wind,success_rate
-89,100,0,3.0,5.8,0.994
-96,100,0,3.0,5.8,0.994
-95,100,0,3.0,5.8,0.994
-100,100,0,3.0,5.8,0.994
-97,100,0,3.0,5.8,0.994
-98,100,0,3.0,5.8,0.994
-96,100,0,3.0,5.8,0.994
-94,100,0,3.0,5.8,0.994
-95,100,0,3.0,5.8,0.994
-95,100,0,3.0,5.8,0.994
-99,100,0,3.0,5.8,0.994
-95,100,0,3.0,5.8,0.994
-100,100,0,3.0,5.8,0.994
-97,100,0,3.0,5.8,0.994
-99,100,0,3.0,5.8,0.994
-96,100,0,3.0,5.8,0.994
-94,100,0,3.0,5.8,0.994
-97,100,0,3.0,5.8,0.994
-95,100,0,3.0,5.8,0.994
-96,100,0,3.0,5.8,0.994
-98,100,0,3.0,5.8,0.994
-93,100,0,3.0,5.8,0.994
-96,100,0,3.0,5.8,0.994
-98,100,0,3.0,5.8,0.994
-98,100,0,3.0,5.8,0.994
-94,100,0,3.0,5.8,0.994
-97,100,0,3.0,5.8,0.994
-98,100,0,3.0,5.8,0.994
-97,100,0,3.0,5.8,0.994
-95,100,0,3.0,5.8,0.994
-97,100,0,3.0,5.8,0.994
-98,100,0,3.0,5.8,0.994
-98,100,0,3.0,5.8,0.994
-101,100,0,3.0,5.8,0.994
-103,100,0,3.0,5.8,0.994
-100,100,0,3.0,5.8,0.994
-101,100,0,3.0,5.8,0.994
-103,100,0,3.0,5.8,0.994
-99,100,0,3.0,5.8,0.994
-100,100,0,3.0,5.8,0.994
-98,100,0,3.0,5.8,0.994
-99,100,0,3.0,5.8,0.994
-102,100,0,3.0,5.8,0.994
-98,100,0,3.0,5.8,0.994
-102,100,0,3.0,5.8,0.994
-98,100,0,3.0,5.8,0.994
-98,100,0,3.0,5.8,0.994
-105,100,0,3.0,5.8,0.994
-102,100,0,3.0,5.8,0.994
-102,100,0,3.0,5.8,0.994
-98,100,0,3.0,5.8,0.994
-96,100,0,3.0,5.8,0.994
-94,100,0,3.0,5.8,0.994
-99,100,0,3.0,5.8,0.994
-100,100,0,3.0,5.8,0.994
-98,100,0,3.0,5.8,0.994
-96,100,0,3.0,5.8,0.994
-97,100,0,3.0,5.8,0.994
-98,100,0,3.0,5.8,0.994
-99,100,0,3.0,5.8,0.994
-100,100,0,3.0,5.8,0.994
-98,100,0,3.0,5.8,0.994
-101,100,0,3.0,5.8,0.994
-100,100,0,3.0,5.8,0.994
-99,100,0,3.0,5.8,0.994
-102,100,0,3.0,5.8,0.994
-94,100,0,3.0,5.8,0.994
-100,100,0,3.0,5.8,0.994
-102,100,0,3.0,5.8,0.994
-99,100,0,3.0,5.8,0.994
-99,100,0,3.0,5.8,0.994
-99,100,0,3.0,5.8,0.994
-98,100,0,3.0,5.8,0.994
-100,100,0,3.0,5.8,0.994
-98,100,0,3.0,5.8,0.994
-98,100,0,3.0,5.8,0.994
-100,100,0,3.0,5.8,0.994
-98,100,0,3.0,5.8,0.994
-97,100,0,3.0,5.8,0.994
-93,100,0,3.0,5.8,0.994
-98,100,0,3.0,5.8,0.994
-99,100,0,3.0,5.8,0.994
-98,100,0,3.0,5.8,0.994
-99,100,0,3.0,5.8,0.994
-99,100,0,3.0,5.8,0.994
-99,100,0,3.0,5.8,0.994
-98,100,0,3.0,5.8,0.994
-100,100,0,3.0,5.8,0.994
-100,100,0,3.0,5.8,0.994
-95,100,0,3.0,5.8,0.994
-98,100,0,3.0,5.8,0.994
-101,100,0,3.0,5.8,0.994
-100,100,0,3.0,5.8,0.994
-95,100,0,3.0,5.8,0.994
-91,100,0,3.0,5.8,0.994
-95,100,0,3.0,5.8,0.994
-102,100,0,3.0,5.8,0.994
-95,100,0,3.0,5.8,0.994
-99,100,0,3.0,5.8,0.994
-101,100,0,3.0,5.8,0.994
-99,100,0,3.0,5.8,0.994
-94,100,0,3.0,5.8,0.994
-101,100,0,3.0,5.8,0.994
-97,100,0,3.0,5.8,0.994
-100,100,0,3.0,5.8,0.994
-104,100,0,3.0,5.8,0.994
-100,100,0,3.0,5.8,0.994
-108,100,0,3.0,5.8,0.994
-99,100,0,3.0,5.8,0.994
-105,100,0,3.0,5.8,0.994
-106,100,0,3.0,5.8,0.994
-98,100,0,3.0,5.8,0.994
-98,100,0,3.0,5.8,0.994
-98,100,0,3.0,5.8,0.994
-97,100,0,3.0,5.8,0.994
-98,100,0,3.0,5.8,0.994
-99,100,0,3.0,5.8,0.994
-98,100,0,3.0,5.8,0.994
-101,100,0,3.0,5.8,0.994
-101,100,0,3.0,5.8,0.994
-101,100,0,3.0,5.8,0.994
-101,100,0,3.0,5.8,0.994
-91,100,0,3.0,5.8,0.994
-101,100,0,3.0,5.8,0.994
-101,100,0,3.0,5.8,0.994
-99,100,0,3.0,5.8,0.994
-98,100,0,3.0,5.8,0.994
-95,100,0,3.0,5.8,0.994
-93,100,0,3.0,5.8,0.994
-100,100,0,3.0,5.8,0.994
-100,100,0,3.0,5.8,0.994
-101,100,0,3.0,5.8,0.994
-98,100,0,3.0,5.8,0.994
-97,100,0,3.0,5.8,0.994
-94,100,0,3.0,5.8,0.994
-96,100,0,3.0,5.8,0.994
-98,100,0,3.0,5.8,0.994
-101,100,0,3.0,5.8,0.994
-95,100,0,3.0,5.8,0.994
-97,100,0,3.0,5.8,0.994
-91,100,0,3.0,5.8,0.994
-93,100,0,3.0,5.8,0.994
-98,100,0,3.0,5.8,0.994
-97,100,0,3.0,5.8,0.994
-93,100,0,3.0,5.8,0.994
-92,100,0,3.0,5.8,0.994
-94,100,0,3.0,5.8,0.994
-100,100,0,3.0,5.8,0.994
-99,100,0,3.0,5.8,0.994
-102,100,0,3.0,5.8,0.994
-99,100,0,3.0,5.8,0.994
-100,100,0,3.0,5.8,0.994
-100,100,0,3.0,5.8,0.994
-98,100,0,3.0,5.8,0.994
-99,100,0,3.0,5.8,0.994
-98,100,0,3.0,5.8,0.994
-98,100,0,3.0,5.8,0.994
-96,100,0,3.0,5.8,0.994
-99,100,0,3.0,5.8,0.994
-99,100,0,3.0,5.8,0.994
-98,100,0,3.0,5.8,0.994
-98,100,0,3.0,5.8,0.994
-98,100,0,3.0,5.8,0.994
-98,100,0,3.0,5.8,0.994
-98,100,0,3.0,5.8,0.994
-98,100,0,3.0,5.8,0.994
-100,100,0,3.0,5.8,0.994
-97,100,0,3.0,5.8,0.994
-104,100,0,3.0,5.8,0.994
-100,100,0,3.0,5.8,0.994
-95,100,0,3.0,5.8,0.994
-92,100,0,3.0,5.8,0.994
-97,100,0,3.0,5.8,0.994
-96,100,0,3.0,5.8,0.994
-101,100,0,3.0,5.8,0.994
-94,100,0,3.0,5.8,0.994
-95,100,0,3.0,5.8,0.994
-95,100,0,3.0,5.8,0.994
-99,100,0,3.0,5.8,0.994
-95,100,0,3.0,5.8,0.994
-99,100,0,3.0,5.8,0.994
-102,100,0,3.0,5.8,0.994
-97,100,0,3.0,5.8,0.994
-98,100,0,3.0,5.8,0.994
-100,100,0,3.0,5.8,0.994
-100,100,0,3.0,5.8,0.994
-98,100,0,3.0,5.8,0.994
-96,100,0,3.0,5.8,0.994
-98,100,0,3.0,5.8,0.994
-99,100,0,3.0,5.8,0.994
-99,100,0,3.0,5.8,0.994
-97,100,0,3.0,5.8,0.994
-98,100,0,3.0,5.8,0.994
-100,100,0,3.0,5.8,0.994
-95,100,0,3.0,5.8,0.994
-99,100,0,3.0,5.8,0.994
-99,100,0,3.0,5.8,0.994
-98,100,0,3.0,5.8,0.994
-98,100,0,3.0,5.8,0.994
-98,100,0,3.0,5.8,0.994
-98,100,0,3.0,5.8,0.994
-99,100,0,3.0,5.8,0.994
-98,100,0,3.0,5.8,0.994
-94,100,0,3.0,5.8,0.994
-99,100,0,3.0,5.8,0.994
-99,100,0,3.0,5.8,0.994
-94,100,0,3.0,5.8,0.994
-95,100,0,3.0,5.8,0.994
-98,100,0,3.0,5.8,0.994
-97,100,0,3.0,5.8,0.994
-98,100,0,3.0,5.8,0.994
-97,100,0,3.0,5.8,0.994
-98,100,0,3.0,5.8,0.994
-98,100,0,3.0,5.8,0.994
-98,100,0,3.0,5.8,0.994
-98,100,0,3.0,5.8,0.994
-97,100,0,3.0,5.8,0.994
-97,100,0,3.0,5.8,0.994
-97,100,0,3.0,5.8,0.994
-95,100,0,3.0,5.8,0.994
-96,100,0,3.0,5.8,0.994
-98,100,0,3.0,5.8,0.994
-97,100,0,3.0,5.8,0.994
-97,100,0,3.0,5.8,0.994
-98,100,0,3.0,5.8,0.994
-98,100,0,3.0,5.8,0.994
-98,100,0,3.0,5.8,0.994
-95,100,0,3.0,5.8,0.994
-98,100,0,3.0,5.8,0.994
-98,100,0,3.0,5.8,0.994
-98,100,0,3.0,5.8,0.994
-98,100,0,3.0,5.8,0.994
-97,100,0,3.0,5.8,0.994
-98,100,0,3.0,5.8,0.994
-98,100,0,3.0,5.8,0.994
-98,100,0,3.0,5.8,0.994
-97,100,0,3.0,5.8,0.994
-97,100,0,3.0,5.8,0.994
-98,100,0,3.0,5.8,0.994
-99,100,0,3.0,5.8,0.994
-97,100,0,3.0,5.8,0.994
-96,100,0,3.0,5.8,0.994
-96,100,0,3.0,5.8,0.994
-95,100,0,3.0,5.8,0.994
-96,100,0,3.0,5.8,0.994
-92,100,0,3.0,5.8,0.994
-102,100,0,3.0,5.8,0.994
-103,100,0,3.0,5.8,0.994
-99,100,0,3.0,5.8,0.994
-91,100,0,3.0,5.8,0.994
-97,100,0,3.0,5.8,0.994
-95,100,0,3.0,5.8,0.994
-93,100,0,3.0,5.8,0.994
-97,100,0,3.0,5.8,0.994
-95,100,0,3.0,5.8,0.994
-101,100,0,3.0,5.8,0.994
-104,100,0,3.0,5.8,0.994
-96,100,0,3.0,5.8,0.994
-100,100,0,3.0,5.8,0.994
-94,100,0,3.0,5.8,0.994
-97,100,0,3.0,5.8,0.994
-95,100,0,3.0,5.8,0.994
-92,100,0,3.0,5.8,0.994
-95,100,0,3.0,5.8,0.994
-95,100,0,3.0,5.8,0.994
-92,100,0,3.0,5.8,0.994
-94,100,0,3.0,5.8,0.994
-95,100,0,3.0,5.8,0.994
-95,100,0,3.0,5.8,0.994
-95,100,0,3.0,5.8,0.994
-104,100,0,3.0,5.8,0.994
-109,100,0,3.0,5.8,0.994
-99,100,0,3.0,5.8,0.994
-94,100,0,3.0,5.8,0.994
-98,100,0,3.0,5.8,0.994
-98,100,0,3.0,5.8,0.994
-101,100,0,3.0,5.8,0.994
-98,100,0,3.0,5.8,0.994
-101,100,0,3.0,5.8,0.994
-95,100,0,3.0,5.8,0.994
-98,100,0,3.0,5.8,0.994
-101,100,0,3.0,5.8,0.994
-100,100,0,3.0,5.8,0.994
-106,100,0,3.0,5.8,0.994
-97,100,0,3.0,5.8,0.994
-97,100,0,3.0,5.8,0.994
-98,100,0,3.0,5.8,0.994
-103,100,0,3.0,5.8,0.994
-98,100,0,3.0,5.8,0.994
-100,100,0,3.0,5.8,0.994
-97,100,0,3.0,5.8,0.994
-95,100,0,3.0,5.8,0.994
-99,100,0,3.0,5.8,0.994
-98,100,0,3.0,5.8,0.994
-100,100,0,3.0,5.8,0.994
-101,100,0,3.0,5.8,0.994
-97,100,0,3.0,5.8,0.994
-100,100,0,3.0,5.8,0.994
-99,100,0,3.0,5.8,0.994
-100,100,0,3.0,5.8,0.994
-99,100,0,3.0,5.8,0.994
-96,100,0,3.0,5.8,0.994
-100,100,0,3.0,5.8,0.994
-99,100,0,3.0,5.8,0.994
-101,100,0,3.0,5.8,0.994
-99,100,0,3.0,5.8,0.994
-96,100,0,3.0,5.8,0.994
-97,100,0,3.0,5.8,0.994
-96,100,0,3.0,5.8,0.994
-101,100,0,3.0,5.8,0.994
-97,100,0,3.0,5.8,0.994
-98,100,0,3.0,5.8,0.994
-99,100,0,3.0,5.8,0.994
-98,100,0,3.0,5.8,0.994
-97,100,0,3.0,5.8,0.994
-100,100,0,3.0,5.8,0.994
-101,100,0,3.0,5.8,0.994
-98,100,0,3.0,5.8,0.994
-98,100,0,3.0,5.8,0.994
-97,100,0,3.0,5.8,0.994
-93,100,0,3.0,5.8,0.994
-89,100,0,3.0,5.8,0.994
-98,100,0,3.0,5.8,0.994
-96,100,0,3.0,5.8,0.994
-98,100,0,3.0,5.8,0.994
-97,100,0,3.0,5.8,0.994
-98,100,0,3.0,5.8,0.994
-97,100,0,3.0,5.8,0.994
-96,100,0,3.0,5.8,0.994
-94,100,0,3.0,5.8,0.994
-97,100,0,3.0,5.8,0.994
-98,100,0,3.0,5.8,0.994
-96,100,0,3.0,5.8,0.994
-99,100,0,3.0,5.8,0.994
-97,100,0,3.0,5.8,0.994
-101,100,0,3.0,5.8,0.994
-96,100,0,3.0,5.8,0.994
-98,100,0,3.0,5.8,0.994
-99,100,0,3.0,5.8,0.994
-97,100,0,3.0,5.8,0.994
-99,100,0,3.0,5.8,0.994
-88,100,0,3.0,5.8,0.994
-100,100,0,3.0,5.8,0.994
-96,100,0,3.0,5.8,0.994
-96,100,0,3.0,5.8,0.994
-96,100,0,3.0,5.8,0.994
-96,100,0,3.0,5.8,0.994
-97,100,0,3.0,5.8,0.994
-95,100,0,3.0,5.8,0.994
-98,100,0,3.0,5.8,0.994
-101,100,0,3.0,5.8,0.994
-97,100,0,3.0,5.8,0.994
-101,100,0,3.0,5.8,0.994
-100,100,0,3.0,5.8,0.994
-91,100,0,3.0,5.8,0.994
-95,100,0,3.0,5.8,0.994
-91,100,0,3.0,5.8,0.994
-100,100,0,3.0,5.8,0.994
-97,100,0,3.0,5.8,0.994
-95,100,0,3.0,5.8,0.994
-94,100,0,3.0,5.8,0.994
-98,100,0,3.0,5.8,0.994
-99,100,0,3.0,5.8,0.994
-99,100,0,3.0,5.8,0.994
-94,100,0,3.0,5.8,0.994
-96,100,0,3.0,5.8,0.994
-98,100,0,3.0,5.8,0.994
-97,100,0,3.0,5.8,0.994
-100,100,0,3.0,5.8,0.994
-98,100,0,3.0,5.8,0.994
-104,100,0,3.0,5.8,0.994
-99,100,0,3.0,5.8,0.994
-98,100,0,3.0,5.8,0.994
-93,100,0,3.0,5.8,0.994
-95,100,0,3.0,5.8,0.994
-96,100,0,3.0,5.8,0.994
-93,100,0,3.0,5.8,0.994
-96,100,0,3.0,5.8,0.994
-95,100,0,3.0,5.8,0.994
-96,100,0,3.0,5.8,0.994
-100,100,0,3.0,5.8,0.994
-97,100,0,3.0,5.8,0.994
-101,100,0,3.0,5.8,0.994
-100,100,0,3.0,5.8,0.994
-98,100,0,3.0,5.8,0.994
-101,100,0,3.0,5.8,0.994
-99,100,0,3.0,5.8,0.994
-97,100,0,3.0,5.8,0.994
-98,100,0,3.0,5.8,0.994
-97,100,0,3.0,5.8,0.994
-93,100,0,3.0,5.8,0.994
-96,100,0,3.0,5.8,0.994
-97,100,0,3.0,5.8,0.994
-97,100,0,3.0,5.8,0.994
-100,100,0,3.0,5.8,0.994
-99,100,0,3.0,5.8,0.994
-106,100,0,3.0,5.8,0.994
-114,100,0,3.0,5.8,0.994
-101,100,0,3.0,5.8,0.994
-100,100,0,3.0,5.8,0.994
-101,100,0,3.0,5.8,0.994
-98,100,0,3.0,5.8,0.994
-96,100,0,3.0,5.8,0.994
-95,100,0,3.0,5.8,0.994
-94,100,0,3.0,5.8,0.994
-99,100,0,3.0,5.8,0.994
-97,100,0,3.0,5.8,0.994
-92,100,0,3.0,5.8,0.994
-94,100,0,3.0,5.8,0.994
-96,100,0,3.0,5.8,0.994
-98,100,0,3.0,5.8,0.994
-99,100,0,3.0,5.8,0.994
-100,100,0,3.0,5.8,0.994
-102,100,0,3.0,5.8,0.994
-101,100,0,3.0,5.8,0.994
-101,100,0,3.0,5.8,0.994
-99,100,0,3.0,5.8,0.994
-97,100,0,3.0,5.8,0.994
-95,100,0,3.0,5.8,0.994
-92,100,0,3.0,5.8,0.994
-96,100,0,3.0,5.8,0.994
-97,100,0,3.0,5.8,0.994
-96,100,0,3.0,5.8,0.994
-97,100,0,3.0,5.8,0.994
-96,100,0,3.0,5.8,0.994
-97,100,0,3.0,5.8,0.994
-97,100,0,3.0,5.8,0.994
-95,100,0,3.0,5.8,0.994
-95,100,0,3.0,5.8,0.994
-97,100,0,3.0,5.8,0.994
-96,100,0,3.0,5.8,0.994
-96,100,0,3.0,5.8,0.994
-97,100,0,3.0,5.8,0.994
-94,100,0,3.0,5.8,0.994
-96,100,0,3.0,5.8,0.994
-98,100,0,3.0,5.8,0.994
-96,100,0,3.0,5.8,0.994
-97,100,0,3.0,5.8,0.994
-97,100,0,3.0,5.8,0.994
-94,100,0,3.0,5.8,0.994
-98,100,0,3.0,5.8,0.994
-95,100,0,3.0,5.8,0.994
-97,100,0,3.0,5.8,0.994
-98,100,0,3.0,5.8,0.994
-96,100,0,3.0,5.8,0.994
-97,100,0,3.0,5.8,0.994
-97,100,0,3.0,5.8,0.994
-94,100,0,3.0,5.8,0.994
-98,100,0,3.0,5.8,0.994
-95,100,0,3.0,5.8,0.994
-98,100,0,3.0,5.8,0.994
-98,100,0,3.0,5.8,0.994
-92,100,0,3.0,5.8,0.994
-94,100,0,3.0,5.8,0.994
-97,100,0,3.0,5.8,0.994
-96,100,0,3.0,5.8,0.994
-97,100,0,3.0,5.8,0.994
-95,100,0,3.0,5.8,0.994
-98,100,0,3.0,5.8,0.994
-97,100,0,3.0,5.8,0.994
-95,100,0,3.0,5.8,0.994
-92,100,0,3.0,5.8,0.994
-98,100,0,3.0,5.8,0.994
-95,100,0,3.0,5.8,0.994
-96,100,0,3.0,5.8,0.994
-95,100,0,3.0,5.8,0.994
-97,100,0,3.0,5.8,0.994
-97,100,0,3.0,5.8,0.994
-95,100,0,3.0,5.8,0.994
-96,100,0,3.0,5.8,0.994
-95,100,0,3.0,5.8,0.994
-93,100,0,3.0,5.8,0.994
-98,100,0,3.0,5.8,0.994
-98,100,0,3.0,5.8,0.994
-94,100,0,3.0,5.8,0.994
-97,100,0,3.0,5.8,0.994
-99,100,0,3.0,5.8,0.994
-98,100,0,3.0,5.8,0.994
-98,100,0,3.0,5.8,0.994
-100,100,0,3.0,5.8,0.994
-99,100,0,3.0,5.8,0.994
-97,100,0,3.0,5.8,0.994
-97,100,0,3.0,5.8,0.994
-99,100,0,3.0,5.8,0.994
-95,100,0,3.0,5.8,0.994
-96,100,0,3.0,5.8,0.994
-100,100,0,3.0,5.8,0.994
-96,100,0,3.0,5.8,0.994
-96,100,0,3.0,5.8,0.994
-99,100,0,3.0,5.8,0.994
-99,100,0,3.0,5.8,0.994
-94,100,0,3.0,5.8,0.994
-99,100,0,3.0,5.8,0.994
-98,100,0,3.0,5.8,0.994
-94,100,0,3.0,5.8,0.994
-94,100,0,3.0,5.8,0.994
-94,100,0,3.0,5.8,0.994
-94,150,0,-9.0,2.7,0.8052208835341366
-95,150,0,-9.0,2.7,0.8052208835341366
-94,150,0,-9.0,2.7,0.8052208835341366
-93,150,0,-9.0,2.7,0.8052208835341366
-95,150,0,-9.0,2.7,0.8052208835341366
-92,150,0,-9.0,2.7,0.8052208835341366
-96,150,0,-9.0,2.7,0.8052208835341366
-93,150,0,-9.0,2.7,0.8052208835341366
-93,150,0,-9.0,2.7,0.8052208835341366
-92,150,0,-9.0,2.7,0.8052208835341366
-96,150,0,-9.0,2.7,0.8052208835341366
-97,150,0,-9.0,2.7,0.8052208835341366
-91,150,0,-9.0,2.7,0.8052208835341366
-94,150,0,-9.0,2.7,0.8052208835341366
-93,150,0,-9.0,2.7,0.8052208835341366
-95,150,0,-9.0,2.7,0.8052208835341366
-105,150,0,-9.0,2.7,0.8052208835341366
-95,150,0,-9.0,2.7,0.8052208835341366
-89,150,0,-9.0,2.7,0.8052208835341366
-97,150,0,-9.0,2.7,0.8052208835341366
-96,150,0,-9.0,2.7,0.8052208835341366
-93,150,0,-9.0,2.7,0.8052208835341366
-98,150,0,-9.0,2.7,0.8052208835341366
-95,150,0,-9.0,2.7,0.8052208835341366
-91,150,0,-9.0,2.7,0.8052208835341366
-93,150,0,-9.0,2.7,0.8052208835341366
-94,150,0,-9.0,2.7,0.8052208835341366
-96,150,0,-9.0,2.7,0.8052208835341366
-95,150,0,-9.0,2.7,0.8052208835341366
-96,150,0,-9.0,2.7,0.8052208835341366
-98,150,0,-9.0,2.7,0.8052208835341366
-98,150,0,-9.0,2.7,0.8052208835341366
-97,150,0,-9.0,2.7,0.8052208835341366
-97,150,0,-9.0,2.7,0.8052208835341366
-96,150,0,-9.0,2.7,0.8052208835341366
-95,150,0,-9.0,2.7,0.8052208835341366
-97,150,0,-9.0,2.7,0.8052208835341366
-99,150,0,-9.0,2.7,0.8052208835341366
-96,150,0,-9.0,2.7,0.8052208835341366
-95,150,0,-9.0,2.7,0.8052208835341366
-97,150,0,-9.0,2.7,0.8052208835341366
-95,150,0,-9.0,2.7,0.8052208835341366
-97,150,0,-9.0,2.7,0.8052208835341366
-94,150,0,-9.0,2.7,0.8052208835341366
-92,150,0,-9.0,2.7,0.8052208835341366
-92,150,0,-9.0,2.7,0.8052208835341366
-94,150,0,-9.0,2.7,0.8052208835341366
-94,150,0,-9.0,2.7,0.8052208835341366
-93,150,0,-9.0,2.7,0.8052208835341366
-93,150,0,-9.0,2.7,0.8052208835341366
-92,150,0,-9.0,2.7,0.8052208835341366
-88,150,0,-9.0,2.7,0.8052208835341366
-92,150,0,-9.0,2.7,0.8052208835341366
-94,150,0,-9.0,2.7,0.8052208835341366
-93,150,0,-9.0,2.7,0.8052208835341366
-93,150,0,-9.0,2.7,0.8052208835341366
-95,150,0,-9.0,2.7,0.8052208835341366
-95,150,0,-9.0,2.7,0.8052208835341366
-92,150,0,-9.0,2.7,0.8052208835341366
-93,150,0,-9.0,2.7,0.8052208835341366
-96,150,0,-9.0,2.7,0.8052208835341366
-94,150,0,-9.0,2.7,0.8052208835341366
-93,150,0,-9.0,2.7,0.8052208835341366
-93,150,0,-9.0,2.7,0.8052208835341366
-89,150,0,-9.0,2.7,0.8052208835341366
-91,150,0,-9.0,2.7,0.8052208835341366
-94,150,0,-9.0,2.7,0.8052208835341366
-83,150,0,-9.0,2.7,0.8052208835341366
-100,150,0,-9.0,2.7,0.8052208835341366
-89,150,0,-9.0,2.7,0.8052208835341366
-95,150,0,-9.0,2.7,0.8052208835341366
-96,150,0,-9.0,2.7,0.8052208835341366
-96,150,0,-9.0,2.7,0.8052208835341366
-93,150,0,-9.0,2.7,0.8052208835341366
-93,150,0,-9.0,2.7,0.8052208835341366
-96,150,0,-9.0,2.7,0.8052208835341366
-96,150,0,-9.0,2.7,0.8052208835341366
-97,150,0,-9.0,2.7,0.8052208835341366
-92,150,0,-9.0,2.7,0.8052208835341366
-100,150,0,-9.0,2.7,0.8052208835341366
-96,150,0,-9.0,2.7,0.8052208835341366
-93,150,0,-9.0,2.7,0.8052208835341366
-98,150,0,-9.0,2.7,0.8052208835341366
-88,150,0,-9.0,2.7,0.8052208835341366
-95,150,0,-9.0,2.7,0.8052208835341366
-96,150,0,-9.0,2.7,0.8052208835341366
-92,150,0,-9.0,2.7,0.8052208835341366
-98,150,0,-9.0,2.7,0.8052208835341366
-96,150,0,-9.0,2.7,0.8052208835341366
-94,150,0,-9.0,2.7,0.8052208835341366
-95,150,0,-9.0,2.7,0.8052208835341366
-97,150,0,-9.0,2.7,0.8052208835341366
-99,150,0,-9.0,2.7,0.8052208835341366
-97,150,0,-9.0,2.7,0.8052208835341366
-96,150,0,-9.0,2.7,0.8052208835341366
-93,150,0,-9.0,2.7,0.8052208835341366
-96,150,0,-9.0,2.7,0.8052208835341366
-96,150,0,-9.0,2.7,0.8052208835341366
-94,150,0,-9.0,2.7,0.8052208835341366
-97,150,0,-9.0,2.7,0.8052208835341366
-97,150,0,-9.0,2.7,0.8052208835341366
-96,150,0,-9.0,2.7,0.8052208835341366
-94,150,0,-9.0,2.7,0.8052208835341366
-95,150,0,-9.0,2.7,0.8052208835341366
-89,150,0,-9.0,2.7,0.8052208835341366
-95,150,0,-9.0,2.7,0.8052208835341366
-95,150,0,-9.0,2.7,0.8052208835341366
-94,150,0,-9.0,2.7,0.8052208835341366
-89,150,0,-9.0,2.7,0.8052208835341366
-93,150,0,-9.0,2.7,0.8052208835341366
-96,150,0,-9.0,2.7,0.8052208835341366
-91,150,0,-9.0,2.7,0.8052208835341366
-95,150,0,-9.0,2.7,0.8052208835341366
-99,150,0,-9.0,2.7,0.8052208835341366
-97,150,0,-9.0,2.7,0.8052208835341366
-92,150,0,-9.0,2.7,0.8052208835341366
-100,150,0,-9.0,2.7,0.8052208835341366
-92,150,0,-9.0,2.7,0.8052208835341366
-101,150,0,-9.0,2.7,0.8052208835341366
-97,150,0,-9.0,2.7,0.8052208835341366
-92,150,0,-9.0,2.7,0.8052208835341366
-98,150,0,-9.0,2.7,0.8052208835341366
-97,150,0,-9.0,2.7,0.8052208835341366
-97,150,0,-9.0,2.7,0.8052208835341366
-100,150,0,-9.0,2.7,0.8052208835341366
-95,150,0,-9.0,2.7,0.8052208835341366
-91,150,0,-9.0,2.7,0.8052208835341366
-98,150,0,-9.0,2.7,0.8052208835341366
-98,150,0,-9.0,2.7,0.8052208835341366
-99,150,0,-9.0,2.7,0.8052208835341366
-93,150,0,-9.0,2.7,0.8052208835341366
-94,150,0,-9.0,2.7,0.8052208835341366
-100,150,0,-9.0,2.7,0.8052208835341366
-100,150,0,-9.0,2.7,0.8052208835341366
-95,150,0,-9.0,2.7,0.8052208835341366
-99,150,0,-9.0,2.7,0.8052208835341366
-95,150,0,-9.0,2.7,0.8052208835341366
-88,150,0,-9.0,2.7,0.8052208835341366
-95,150,0,-9.0,2.7,0.8052208835341366
-98,150,0,-9.0,2.7,0.8052208835341366
-95,150,0,-9.0,2.7,0.8052208835341366
-97,150,0,-9.0,2.7,0.8052208835341366
-98,150,0,-9.0,2.7,0.8052208835341366
-98,150,0,-9.0,2.7,0.8052208835341366
-95,150,0,-9.0,2.7,0.8052208835341366
-93,150,0,-9.0,2.7,0.8052208835341366
-96,150,0,-9.0,2.7,0.8052208835341366
-97,150,0,-9.0,2.7,0.8052208835341366
-96,150,0,-9.0,2.7,0.8052208835341366
-94,150,0,-9.0,2.7,0.8052208835341366
-94,150,0,-9.0,2.7,0.8052208835341366
-94,150,0,-9.0,2.7,0.8052208835341366
-97,150,0,-9.0,2.7,0.8052208835341366
-94,150,0,-9.0,2.7,0.8052208835341366
-98,150,0,-9.0,2.7,0.8052208835341366
-96,150,0,-9.0,2.7,0.8052208835341366
-94,150,0,-9.0,2.7,0.8052208835341366
-98,150,0,-9.0,2.7,0.8052208835341366
-96,150,0,-9.0,2.7,0.8052208835341366
-94,150,0,-9.0,2.7,0.8052208835341366
-96,150,0,-9.0,2.7,0.8052208835341366
-95,150,0,-9.0,2.7,0.8052208835341366
-96,150,0,-9.0,2.7,0.8052208835341366
-96,150,0,-9.0,2.7,0.8052208835341366
-96,150,0,-9.0,2.7,0.8052208835341366
-96,150,0,-9.0,2.7,0.8052208835341366
-97,150,0,-9.0,2.7,0.8052208835341366
-97,150,0,-9.0,2.7,0.8052208835341366
-97,150,0,-9.0,2.7,0.8052208835341366
-95,150,0,-9.0,2.7,0.8052208835341366
-96,150,0,-9.0,2.7,0.8052208835341366
-97,150,0,-9.0,2.7,0.8052208835341366
-95,150,0,-9.0,2.7,0.8052208835341366
-98,150,0,-9.0,2.7,0.8052208835341366
-97,150,0,-9.0,2.7,0.8052208835341366
-95,150,0,-9.0,2.7,0.8052208835341366
-96,150,0,-9.0,2.7,0.8052208835341366
-98,150,0,-9.0,2.7,0.8052208835341366
-97,150,0,-9.0,2.7,0.8052208835341366
-98,150,0,-9.0,2.7,0.8052208835341366
-99,150,0,-9.0,2.7,0.8052208835341366
-94,150,0,-9.0,2.7,0.8052208835341366
-100,150,0,-9.0,2.7,0.8052208835341366
-98,150,0,-9.0,2.7,0.8052208835341366
-95,150,0,-9.0,2.7,0.8052208835341366
-92,150,0,-9.0,2.7,0.8052208835341366
-100,150,0,-9.0,2.7,0.8052208835341366
-99,150,0,-9.0,2.7,0.8052208835341366
-98,150,0,-9.0,2.7,0.8052208835341366
-99,150,0,-9.0,2.7,0.8052208835341366
-93,150,0,-9.0,2.7,0.8052208835341366
-89,150,0,-9.0,2.7,0.8052208835341366
-89,150,0,-9.0,2.7,0.8052208835341366
-94,150,0,-9.0,2.7,0.8052208835341366
-98,150,0,-9.0,2.7,0.8052208835341366
-93,150,0,-9.0,2.7,0.8052208835341366
-94,150,0,-9.0,2.7,0.8052208835341366
-96,150,0,-9.0,2.7,0.8052208835341366
-98,150,0,-9.0,2.7,0.8052208835341366
-95,150,0,-9.0,2.7,0.8052208835341366
-95,150,0,-9.0,2.7,0.8052208835341366
-96,150,0,-9.0,2.7,0.8052208835341366
-95,150,0,-9.0,2.7,0.8052208835341366
-97,150,0,-9.0,2.7,0.8052208835341366
-96,150,0,-9.0,2.7,0.8052208835341366
-97,150,0,-9.0,2.7,0.8052208835341366
-97,150,0,-9.0,2.7,0.8052208835341366
-97,150,0,-9.0,2.7,0.8052208835341366
-95,150,0,-9.0,2.7,0.8052208835341366
-102,150,0,-9.0,2.7,0.8052208835341366
-96,150,0,-9.0,2.7,0.8052208835341366
-95,150,0,-9.0,2.7,0.8052208835341366
-99,150,0,-9.0,2.7,0.8052208835341366
-99,150,0,-9.0,2.7,0.8052208835341366
-96,150,0,-9.0,2.7,0.8052208835341366
-99,150,0,-9.0,2.7,0.8052208835341366
-98,150,0,-9.0,2.7,0.8052208835341366
-96,150,0,-9.0,2.7,0.8052208835341366
-94,150,0,-9.0,2.7,0.8052208835341366
-91,150,0,-9.0,2.7,0.8052208835341366
-95,150,0,-9.0,2.7,0.8052208835341366
-97,150,0,-9.0,2.7,0.8052208835341366
-97,150,0,-9.0,2.7,0.8052208835341366
-98,150,0,-9.0,2.7,0.8052208835341366
-93,150,0,-9.0,2.7,0.8052208835341366
-99,150,0,-9.0,2.7,0.8052208835341366
-99,150,0,-9.0,2.7,0.8052208835341366
-93,150,0,-9.0,2.7,0.8052208835341366
-93,150,0,-9.0,2.7,0.8052208835341366
-98,150,0,-9.0,2.7,0.8052208835341366
-97,150,0,-9.0,2.7,0.8052208835341366
-96,150,0,-9.0,2.7,0.8052208835341366
-93,150,0,-9.0,2.7,0.8052208835341366
-98,150,0,-9.0,2.7,0.8052208835341366
-94,150,0,-9.0,2.7,0.8052208835341366
-92,150,0,-9.0,2.7,0.8052208835341366
-95,150,0,-9.0,2.7,0.8052208835341366
-95,150,0,-9.0,2.7,0.8052208835341366
-94,150,0,-9.0,2.7,0.8052208835341366
-98,150,0,-9.0,2.7,0.8052208835341366
-97,150,0,-9.0,2.7,0.8052208835341366
-95,150,0,-9.0,2.7,0.8052208835341366
-99,150,0,-9.0,2.7,0.8052208835341366
-97,150,0,-9.0,2.7,0.8052208835341366
-95,150,0,-9.0,2.7,0.8052208835341366
-97,150,0,-9.0,2.7,0.8052208835341366
-97,150,0,-9.0,2.7,0.8052208835341366
-97,150,0,-9.0,2.7,0.8052208835341366
-95,150,0,-9.0,2.7,0.8052208835341366
-95,150,0,-9.0,2.7,0.8052208835341366
-99,150,0,-9.0,2.7,0.8052208835341366
-97,150,0,-9.0,2.7,0.8052208835341366
-96,150,0,-9.0,2.7,0.8052208835341366
-95,150,0,-9.0,2.7,0.8052208835341366
-97,150,0,-9.0,2.7,0.8052208835341366
-98,150,0,-9.0,2.7,0.8052208835341366
-97,150,0,-9.0,2.7,0.8052208835341366
-95,150,0,-9.0,2.7,0.8052208835341366
-93,150,0,-9.0,2.7,0.8052208835341366
-99,150,0,-9.0,2.7,0.8052208835341366
-98,150,0,-9.0,2.7,0.8052208835341366
-94,150,0,-9.0,2.7,0.8052208835341366
-96,150,0,-9.0,2.7,0.8052208835341366
-94,150,0,-9.0,2.7,0.8052208835341366
-104,150,0,-9.0,2.7,0.8052208835341366
-96,150,0,-9.0,2.7,0.8052208835341366
-94,150,0,-9.0,2.7,0.8052208835341366
-96,150,0,-9.0,2.7,0.8052208835341366
-94,150,0,-9.0,2.7,0.8052208835341366
-94,150,0,-9.0,2.7,0.8052208835341366
-97,150,0,-9.0,2.7,0.8052208835341366
-96,150,0,-9.0,2.7,0.8052208835341366
-96,150,0,-9.0,2.7,0.8052208835341366
-94,150,0,-9.0,2.7,0.8052208835341366
-98,150,0,-9.0,2.7,0.8052208835341366
-96,150,0,-9.0,2.7,0.8052208835341366
-95,150,0,-9.0,2.7,0.8052208835341366
-98,150,0,-9.0,2.7,0.8052208835341366
-97,150,0,-9.0,2.7,0.8052208835341366
-96,150,0,-9.0,2.7,0.8052208835341366
-98,150,0,-9.0,2.7,0.8052208835341366
-94,150,0,-9.0,2.7,0.8052208835341366
-98,150,0,-9.0,2.7,0.8052208835341366
-100,150,0,-9.0,2.7,0.8052208835341366
-99,150,0,-9.0,2.7,0.8052208835341366
-98,150,0,-9.0,2.7,0.8052208835341366
-89,150,0,-9.0,2.7,0.8052208835341366
-93,150,0,-9.0,2.7,0.8052208835341366
-94,150,0,-9.0,2.7,0.8052208835341366
-97,150,0,-9.0,2.7,0.8052208835341366
-97,150,0,-9.0,2.7,0.8052208835341366
-98,150,0,-9.0,2.7,0.8052208835341366
-97,150,0,-9.0,2.7,0.8052208835341366
-98,150,0,-9.0,2.7,0.8052208835341366
-93,150,0,-9.0,2.7,0.8052208835341366
-97,150,0,-9.0,2.7,0.8052208835341366
-98,150,0,-9.0,2.7,0.8052208835341366
-95,150,0,-9.0,2.7,0.8052208835341366
-92,150,0,-9.0,2.7,0.8052208835341366
-95,150,0,-9.0,2.7,0.8052208835341366
-94,150,0,-9.0,2.7,0.8052208835341366
-94,150,0,-9.0,2.7,0.8052208835341366
-96,150,0,-9.0,2.7,0.8052208835341366
-92,150,0,-9.0,2.7,0.8052208835341366
-92,150,0,-9.0,2.7,0.8052208835341366
-98,150,0,-9.0,2.7,0.8052208835341366
-98,150,0,-9.0,2.7,0.8052208835341366
-93,150,0,-9.0,2.7,0.8052208835341366
-92,150,0,-9.0,2.7,0.8052208835341366
-94,150,0,-9.0,2.7,0.8052208835341366
-95,150,0,-9.0,2.7,0.8052208835341366
-89,150,0,-9.0,2.7,0.8052208835341366
-94,150,0,-9.0,2.7,0.8052208835341366
-99,150,0,-9.0,2.7,0.8052208835341366
-98,150,0,-9.0,2.7,0.8052208835341366
-97,150,0,-9.0,2.7,0.8052208835341366
-95,150,0,-9.0,2.7,0.8052208835341366
-93,150,0,-9.0,2.7,0.8052208835341366
-94,150,0,-9.0,2.7,0.8052208835341366
-96,150,0,-9.0,2.7,0.8052208835341366
-95,150,0,-9.0,2.7,0.8052208835341366
-94,150,0,-9.0,2.7,0.8052208835341366
-93,150,0,-9.0,2.7,0.8052208835341366
-94,150,0,-9.0,2.7,0.8052208835341366
-95,150,0,-9.0,2.7,0.8052208835341366
-93,150,0,-9.0,2.7,0.8052208835341366
-94,150,0,-9.0,2.7,0.8052208835341366
-94,150,0,-9.0,2.7,0.8052208835341366
-92,150,0,-9.0,2.7,0.8052208835341366
-93,150,0,-9.0,2.7,0.8052208835341366
-91,150,0,-9.0,2.7,0.8052208835341366
-93,150,0,-9.0,2.7,0.8052208835341366
-92,150,0,-9.0,2.7,0.8052208835341366
-94,150,0,-9.0,2.7,0.8052208835341366
-94,150,0,-9.0,2.7,0.8052208835341366
-96,150,0,-9.0,2.7,0.8052208835341366
-95,150,0,-9.0,2.7,0.8052208835341366
-89,150,0,-9.0,2.7,0.8052208835341366
-95,150,0,-9.0,2.7,0.8052208835341366
-93,150,0,-9.0,2.7,0.8052208835341366
-91,150,0,-9.0,2.7,0.8052208835341366
-89,150,0,-9.0,2.7,0.8052208835341366
-93,150,0,-9.0,2.7,0.8052208835341366
-95,150,0,-9.0,2.7,0.8052208835341366
-93,150,0,-9.0,2.7,0.8052208835341366
-102,150,0,-9.0,2.7,0.8052208835341366
-100,150,0,-9.0,2.7,0.8052208835341366
-100,150,0,-9.0,2.7,0.8052208835341366
-100,150,0,-9.0,2.7,0.8052208835341366
-93,150,0,-9.0,2.7,0.8052208835341366
-93,150,0,-9.0,2.7,0.8052208835341366
-95,150,0,-9.0,2.7,0.8052208835341366
-97,150,0,-9.0,2.7,0.8052208835341366
-87,150,0,-9.0,2.7,0.8052208835341366
-95,150,0,-9.0,2.7,0.8052208835341366
-95,150,0,-9.0,2.7,0.8052208835341366
-97,150,0,-9.0,2.7,0.8052208835341366
-95,150,0,-9.0,2.7,0.8052208835341366
-94,150,0,-9.0,2.7,0.8052208835341366
-89,150,0,-9.0,2.7,0.8052208835341366
-95,150,0,-9.0,2.7,0.8052208835341366
-104,150,0,-9.0,2.7,0.8052208835341366
-101,150,0,-9.0,2.7,0.8052208835341366
-101,150,0,-9.0,2.7,0.8052208835341366
-99,150,0,-9.0,2.7,0.8052208835341366
-93,150,0,-9.0,2.7,0.8052208835341366
-96,150,0,-9.0,2.7,0.8052208835341366
-95,150,0,-9.0,2.7,0.8052208835341366
-96,150,0,-9.0,2.7,0.8052208835341366
-95,150,0,-9.0,2.7,0.8052208835341366
-97,150,0,-9.0,2.7,0.8052208835341366
-98,150,0,-9.0,2.7,0.8052208835341366
-95,150,0,-9.0,2.7,0.8052208835341366
-98,150,0,-9.0,2.7,0.8052208835341366
-94,150,0,-9.0,2.7,0.8052208835341366
-98,150,0,-9.0,2.7,0.8052208835341366
-98,150,0,-9.0,2.7,0.8052208835341366
-99,150,0,-9.0,2.7,0.8052208835341366
-99,150,0,-9.0,2.7,0.8052208835341366
-94,150,0,-9.0,2.7,0.8052208835341366
-94,150,0,-9.0,2.7,0.8052208835341366
-101,150,0,-9.0,2.7,0.8052208835341366
-92,150,0,-9.0,2.7,0.8052208835341366
-94,150,0,-9.0,2.7,0.8052208835341366
-95,150,0,-9.0,2.7,0.8052208835341366
-93,150,0,-9.0,2.7,0.8052208835341366
-100,150,0,-9.0,2.7,0.8052208835341366
-95,150,0,-9.0,2.7,0.8052208835341366
-95,150,0,-9.0,2.7,0.8052208835341366
-98,150,0,-9.0,2.7,0.8052208835341366
-98,150,0,-9.0,2.7,0.8052208835341366
-99,150,0,-9.0,2.7,0.8052208835341366
-101,150,0,-9.0,2.7,0.8052208835341366
-95,150,0,-9.0,2.7,0.8052208835341366
-94,150,0,-9.0,2.7,0.8052208835341366
-95,150,0,-9.0,2.7,0.8052208835341366
-96,150,0,-9.0,2.7,0.8052208835341366
-95,150,0,-9.0,2.7,0.8052208835341366
-94,150,0,-9.0,2.7,0.8052208835341366
-93,150,0,-9.0,2.7,0.8052208835341366
-92,150,0,-9.0,2.7,0.8052208835341366
-92,200,0,-13.0,12.0,0.9278557114228457
-91,200,0,-13.0,12.0,0.9278557114228457
-78,200,0,-13.0,12.0,0.9278557114228457
-57,200,0,-13.0,12.0,0.9278557114228457
-60,200,0,-13.0,12.0,0.9278557114228457
-8,200,0,-13.0,12.0,0.9278557114228457
-10,200,0,-13.0,12.0,0.9278557114228457
-11,200,0,-13.0,12.0,0.9278557114228457
-41,200,0,-13.0,12.0,0.9278557114228457
-12,200,0,-13.0,12.0,0.9278557114228457
-12,200,0,-13.0,12.0,0.9278557114228457
-14,200,0,-13.0,12.0,0.9278557114228457
-14,200,0,-13.0,12.0,0.9278557114228457
-14,200,0,-13.0,12.0,0.9278557114228457
-16,200,0,-13.0,12.0,0.9278557114228457
-16,200,0,-13.0,12.0,0.9278557114228457
-17,200,0,-13.0,12.0,0.9278557114228457
-15,200,0,-13.0,12.0,0.9278557114228457
-15,200,0,-13.0,12.0,0.9278557114228457
-15,200,0,-13.0,12.0,0.9278557114228457
-14,200,0,-13.0,12.0,0.9278557114228457
-13,200,0,-13.0,12.0,0.9278557114228457
-15,200,0,-13.0,12.0,0.9278557114228457
-12,200,0,-13.0,12.0,0.9278557114228457
-41,200,0,-13.0,12.0,0.9278557114228457
-13,200,0,-13.0,12.0,0.9278557114228457
-46,200,0,-13.0,12.0,0.9278557114228457
-16,200,0,-13.0,12.0,0.9278557114228457
-49,200,0,-13.0,12.0,0.9278557114228457
-47,200,0,-13.0,12.0,0.9278557114228457
-41,200,0,-13.0,12.0,0.9278557114228457
-49,200,0,-13.0,12.0,0.9278557114228457
-43,200,0,-13.0,12.0,0.9278557114228457
-59,200,0,-13.0,12.0,0.9278557114228457
-65,200,0,-13.0,12.0,0.9278557114228457
-77,200,0,-13.0,12.0,0.9278557114228457
-71,200,0,-13.0,12.0,0.9278557114228457
-89,200,0,-13.0,12.0,0.9278557114228457
-86,200,0,-13.0,12.0,0.9278557114228457
-96,200,0,-13.0,12.0,0.9278557114228457
-88,200,0,-13.0,12.0,0.9278557114228457
-86,200,0,-13.0,12.0,0.9278557114228457
-97,200,0,-13.0,12.0,0.9278557114228457
-97,200,0,-13.0,12.0,0.9278557114228457
-95,200,0,-13.0,12.0,0.9278557114228457
-103,200,0,-13.0,12.0,0.9278557114228457
-102,200,0,-13.0,12.0,0.9278557114228457
-104,200,0,-13.0,12.0,0.9278557114228457
-109,200,0,-13.0,12.0,0.9278557114228457
-112,200,0,-13.0,12.0,0.9278557114228457
-112,200,0,-13.0,12.0,0.9278557114228457
-47,200,0,-13.0,12.0,0.9278557114228457
-47,200,0,-13.0,12.0,0.9278557114228457
-47,200,0,-13.0,12.0,0.9278557114228457
-47,200,0,-13.0,12.0,0.9278557114228457
-50,200,0,-13.0,12.0,0.9278557114228457
-47,200,0,-13.0,12.0,0.9278557114228457
-49,200,0,-13.0,12.0,0.9278557114228457
-49,200,0,-13.0,12.0,0.9278557114228457
-50,200,0,-13.0,12.0,0.9278557114228457
-109,200,0,-13.0,12.0,0.9278557114228457
-103,200,0,-13.0,12.0,0.9278557114228457
-105,200,0,-13.0,12.0,0.9278557114228457
-104,200,0,-13.0,12.0,0.9278557114228457
-110,200,0,-13.0,12.0,0.9278557114228457
-102,200,0,-13.0,12.0,0.9278557114228457
-101,200,0,-13.0,12.0,0.9278557114228457
-99,200,0,-13.0,12.0,0.9278557114228457
-107,200,0,-13.0,12.0,0.9278557114228457
-104,200,0,-13.0,12.0,0.9278557114228457
-100,200,0,-13.0,12.0,0.9278557114228457
-101,200,0,-13.0,12.0,0.9278557114228457
-98,200,0,-13.0,12.0,0.9278557114228457
-101,200,0,-13.0,12.0,0.9278557114228457
-96,200,0,-13.0,12.0,0.9278557114228457
-96,200,0,-13.0,12.0,0.9278557114228457
-101,200,0,-13.0,12.0,0.9278557114228457
-102,200,0,-13.0,12.0,0.9278557114228457
-97,200,0,-13.0,12.0,0.9278557114228457
-105,200,0,-13.0,12.0,0.9278557114228457
-97,200,0,-13.0,12.0,0.9278557114228457
-101,200,0,-13.0,12.0,0.9278557114228457
-99,200,0,-13.0,12.0,0.9278557114228457
-98,200,0,-13.0,12.0,0.9278557114228457
-98,200,0,-13.0,12.0,0.9278557114228457
-95,200,0,-13.0,12.0,0.9278557114228457
-98,200,0,-13.0,12.0,0.9278557114228457
-99,200,0,-13.0,12.0,0.9278557114228457
-101,200,0,-13.0,12.0,0.9278557114228457
-100,200,0,-13.0,12.0,0.9278557114228457
-99,200,0,-13.0,12.0,0.9278557114228457
-101,200,0,-13.0,12.0,0.9278557114228457
-99,200,0,-13.0,12.0,0.9278557114228457
-96,200,0,-13.0,12.0,0.9278557114228457
-98,200,0,-13.0,12.0,0.9278557114228457
-99,200,0,-13.0,12.0,0.9278557114228457
-99,200,0,-13.0,12.0,0.9278557114228457
-96,200,0,-13.0,12.0,0.9278557114228457
-97,200,0,-13.0,12.0,0.9278557114228457
-99,200,0,-13.0,12.0,0.9278557114228457
-96,200,0,-13.0,12.0,0.9278557114228457
-100,200,0,-13.0,12.0,0.9278557114228457
-98,200,0,-13.0,12.0,0.9278557114228457
-100,200,0,-13.0,12.0,0.9278557114228457
-100,200,0,-13.0,12.0,0.9278557114228457
-99,200,0,-13.0,12.0,0.9278557114228457
-99,200,0,-13.0,12.0,0.9278557114228457
-97,200,0,-13.0,12.0,0.9278557114228457
-100,200,0,-13.0,12.0,0.9278557114228457
-99,200,0,-13.0,12.0,0.9278557114228457
-97,200,0,-13.0,12.0,0.9278557114228457
-99,200,0,-13.0,12.0,0.9278557114228457
-97,200,0,-13.0,12.0,0.9278557114228457
-100,200,0,-13.0,12.0,0.9278557114228457
-99,200,0,-13.0,12.0,0.9278557114228457
-96,200,0,-13.0,12.0,0.9278557114228457
-98,200,0,-13.0,12.0,0.9278557114228457
-98,200,0,-13.0,12.0,0.9278557114228457
-98,200,0,-13.0,12.0,0.9278557114228457
-99,200,0,-13.0,12.0,0.9278557114228457
-99,200,0,-13.0,12.0,0.9278557114228457
-101,200,0,-13.0,12.0,0.9278557114228457
-95,200,0,-13.0,12.0,0.9278557114228457
-98,200,0,-13.0,12.0,0.9278557114228457
-100,200,0,-13.0,12.0,0.9278557114228457
-98,200,0,-13.0,12.0,0.9278557114228457
-99,200,0,-13.0,12.0,0.9278557114228457
-101,200,0,-13.0,12.0,0.9278557114228457
-99,200,0,-13.0,12.0,0.9278557114228457
-100,200,0,-13.0,12.0,0.9278557114228457
-95,200,0,-13.0,12.0,0.9278557114228457
-100,200,0,-13.0,12.0,0.9278557114228457
-100,200,0,-13.0,12.0,0.9278557114228457
-98,200,0,-13.0,12.0,0.9278557114228457
-98,200,0,-13.0,12.0,0.9278557114228457
-100,200,0,-13.0,12.0,0.9278557114228457
-100,200,0,-13.0,12.0,0.9278557114228457
-100,200,0,-13.0,12.0,0.9278557114228457
-99,200,0,-13.0,12.0,0.9278557114228457
-99,200,0,-13.0,12.0,0.9278557114228457
-99,200,0,-13.0,12.0,0.9278557114228457
-100,200,0,-13.0,12.0,0.9278557114228457
-99,200,0,-13.0,12.0,0.9278557114228457
-94,200,0,-13.0,12.0,0.9278557114228457
-99,200,0,-13.0,12.0,0.9278557114228457
-100,200,0,-13.0,12.0,0.9278557114228457
-99,200,0,-13.0,12.0,0.9278557114228457
-97,200,0,-13.0,12.0,0.9278557114228457
-95,200,0,-13.0,12.0,0.9278557114228457
-98,200,0,-13.0,12.0,0.9278557114228457
-99,200,0,-13.0,12.0,0.9278557114228457
-96,200,0,-13.0,12.0,0.9278557114228457
-100,200,0,-13.0,12.0,0.9278557114228457
-97,200,0,-13.0,12.0,0.9278557114228457
-98,200,0,-13.0,12.0,0.9278557114228457
-95,200,0,-13.0,12.0,0.9278557114228457
-97,200,0,-13.0,12.0,0.9278557114228457
-101,200,0,-13.0,12.0,0.9278557114228457
-100,200,0,-13.0,12.0,0.9278557114228457
-99,200,0,-13.0,12.0,0.9278557114228457
-99,200,0,-13.0,12.0,0.9278557114228457
-96,200,0,-13.0,12.0,0.9278557114228457
-96,200,0,-13.0,12.0,0.9278557114228457
-98,200,0,-13.0,12.0,0.9278557114228457
-99,200,0,-13.0,12.0,0.9278557114228457
-99,200,0,-13.0,12.0,0.9278557114228457
-100,200,0,-13.0,12.0,0.9278557114228457
-99,200,0,-13.0,12.0,0.9278557114228457
-99,200,0,-13.0,12.0,0.9278557114228457
-99,200,0,-13.0,12.0,0.9278557114228457
-98,200,0,-13.0,12.0,0.9278557114228457
-99,200,0,-13.0,12.0,0.9278557114228457
-99,200,0,-13.0,12.0,0.9278557114228457
-97,200,0,-13.0,12.0,0.9278557114228457
-99,200,0,-13.0,12.0,0.9278557114228457
-99,200,0,-13.0,12.0,0.9278557114228457
-99,200,0,-13.0,12.0,0.9278557114228457
-98,200,0,-13.0,12.0,0.9278557114228457
-98,200,0,-13.0,12.0,0.9278557114228457
-100,200,0,-13.0,12.0,0.9278557114228457
-96,200,0,-13.0,12.0,0.9278557114228457
-99,200,0,-13.0,12.0,0.9278557114228457
-95,200,0,-13.0,12.0,0.9278557114228457
-101,200,0,-13.0,12.0,0.9278557114228457
-95,200,0,-13.0,12.0,0.9278557114228457
-100,200,0,-13.0,12.0,0.9278557114228457
-101,200,0,-13.0,12.0,0.9278557114228457
-101,200,0,-13.0,12.0,0.9278557114228457
-100,200,0,-13.0,12.0,0.9278557114228457
-95,200,0,-13.0,12.0,0.9278557114228457
-100,200,0,-13.0,12.0,0.9278557114228457
-100,200,0,-13.0,12.0,0.9278557114228457
-100,200,0,-13.0,12.0,0.9278557114228457
-101,200,0,-13.0,12.0,0.9278557114228457
-100,200,0,-13.0,12.0,0.9278557114228457
-97,200,0,-13.0,12.0,0.9278557114228457
-100,200,0,-13.0,12.0,0.9278557114228457
-101,200,0,-13.0,12.0,0.9278557114228457
-100,200,0,-13.0,12.0,0.9278557114228457
-100,200,0,-13.0,12.0,0.9278557114228457
-99,200,0,-13.0,12.0,0.9278557114228457
-100,200,0,-13.0,12.0,0.9278557114228457
-97,200,0,-13.0,12.0,0.9278557114228457
-100,200,0,-13.0,12.0,0.9278557114228457
-100,200,0,-13.0,12.0,0.9278557114228457
-100,200,0,-13.0,12.0,0.9278557114228457
-100,200,0,-13.0,12.0,0.9278557114228457
-101,200,0,-13.0,12.0,0.9278557114228457
-100,200,0,-13.0,12.0,0.9278557114228457
-99,200,0,-13.0,12.0,0.9278557114228457
-96,200,0,-13.0,12.0,0.9278557114228457
-96,200,0,-13.0,12.0,0.9278557114228457
-97,200,0,-13.0,12.0,0.9278557114228457
-99,200,0,-13.0,12.0,0.9278557114228457
-100,200,0,-13.0,12.0,0.9278557114228457
-98,200,0,-13.0,12.0,0.9278557114228457
-97,200,0,-13.0,12.0,0.9278557114228457
-99,200,0,-13.0,12.0,0.9278557114228457
-96,200,0,-13.0,12.0,0.9278557114228457
-99,200,0,-13.0,12.0,0.9278557114228457
-100,200,0,-13.0,12.0,0.9278557114228457
-97,200,0,-13.0,12.0,0.9278557114228457
-100,200,0,-13.0,12.0,0.9278557114228457
-100,200,0,-13.0,12.0,0.9278557114228457
-99,200,0,-13.0,12.0,0.9278557114228457
-99,200,0,-13.0,12.0,0.9278557114228457
-101,200,0,-13.0,12.0,0.9278557114228457
-99,200,0,-13.0,12.0,0.9278557114228457
-99,200,0,-13.0,12.0,0.9278557114228457
-100,200,0,-13.0,12.0,0.9278557114228457
-100,200,0,-13.0,12.0,0.9278557114228457
-97,200,0,-13.0,12.0,0.9278557114228457
-99,200,0,-13.0,12.0,0.9278557114228457
-98,200,0,-13.0,12.0,0.9278557114228457
-97,200,0,-13.0,12.0,0.9278557114228457
-97,200,0,-13.0,12.0,0.9278557114228457
-100,200,0,-13.0,12.0,0.9278557114228457
-94,200,0,-13.0,12.0,0.9278557114228457
-100,200,0,-13.0,12.0,0.9278557114228457
-98,200,0,-13.0,12.0,0.9278557114228457
-99,200,0,-13.0,12.0,0.9278557114228457
-100,200,0,-13.0,12.0,0.9278557114228457
-99,200,0,-13.0,12.0,0.9278557114228457
-99,200,0,-13.0,12.0,0.9278557114228457
-97,200,0,-13.0,12.0,0.9278557114228457
-99,200,0,-13.0,12.0,0.9278557114228457
-97,200,0,-13.0,12.0,0.9278557114228457
-97,200,0,-13.0,12.0,0.9278557114228457
-99,200,0,-13.0,12.0,0.9278557114228457
-100,200,0,-13.0,12.0,0.9278557114228457
-99,200,0,-13.0,12.0,0.9278557114228457
-100,200,0,-13.0,12.0,0.9278557114228457
-100,200,0,-13.0,12.0,0.9278557114228457
-101,200,0,-13.0,12.0,0.9278557114228457
-101,200,0,-13.0,12.0,0.9278557114228457
-100,200,0,-13.0,12.0,0.9278557114228457
-100,200,0,-13.0,12.0,0.9278557114228457
-95,200,0,-13.0,12.0,0.9278557114228457
-97,200,0,-13.0,12.0,0.9278557114228457
-99,200,0,-13.0,12.0,0.9278557114228457
-100,200,0,-13.0,12.0,0.9278557114228457
-99,200,0,-13.0,12.0,0.9278557114228457
-97,200,0,-13.0,12.0,0.9278557114228457
-97,200,0,-13.0,12.0,0.9278557114228457
-97,200,0,-13.0,12.0,0.9278557114228457
-100,200,0,-13.0,12.0,0.9278557114228457
-100,200,0,-13.0,12.0,0.9278557114228457
-100,200,0,-13.0,12.0,0.9278557114228457
-99,200,0,-13.0,12.0,0.9278557114228457
-100,200,0,-13.0,12.0,0.9278557114228457
-100,200,0,-13.0,12.0,0.9278557114228457
-100,200,0,-13.0,12.0,0.9278557114228457
-99,200,0,-13.0,12.0,0.9278557114228457
-98,200,0,-13.0,12.0,0.9278557114228457
-99,200,0,-13.0,12.0,0.9278557114228457
-101,200,0,-13.0,12.0,0.9278557114228457
-96,200,0,-13.0,12.0,0.9278557114228457
-97,200,0,-13.0,12.0,0.9278557114228457
-99,200,0,-13.0,12.0,0.9278557114228457
-99,200,0,-13.0,12.0,0.9278557114228457
-99,200,0,-13.0,12.0,0.9278557114228457
-99,200,0,-13.0,12.0,0.9278557114228457
-101,200,0,-13.0,12.0,0.9278557114228457
-99,200,0,-13.0,12.0,0.9278557114228457
-101,200,0,-13.0,12.0,0.9278557114228457
-101,200,0,-13.0,12.0,0.9278557114228457
-96,200,0,-13.0,12.0,0.9278557114228457
-100,200,0,-13.0,12.0,0.9278557114228457
-98,200,0,-13.0,12.0,0.9278557114228457
-100,200,0,-13.0,12.0,0.9278557114228457
-95,200,0,-13.0,12.0,0.9278557114228457
-99,200,0,-13.0,12.0,0.9278557114228457
-100,200,0,-13.0,12.0,0.9278557114228457
-100,200,0,-13.0,12.0,0.9278557114228457
-97,200,0,-13.0,12.0,0.9278557114228457
-97,200,0,-13.0,12.0,0.9278557114228457
-99,200,0,-13.0,12.0,0.9278557114228457
-99,200,0,-13.0,12.0,0.9278557114228457
-99,200,0,-13.0,12.0,0.9278557114228457
-96,200,0,-13.0,12.0,0.9278557114228457
-98,200,0,-13.0,12.0,0.9278557114228457
-97,200,0,-13.0,12.0,0.9278557114228457
-97,200,0,-13.0,12.0,0.9278557114228457
-94,200,0,-13.0,12.0,0.9278557114228457
-99,200,0,-13.0,12.0,0.9278557114228457
-99,200,0,-13.0,12.0,0.9278557114228457
-98,200,0,-13.0,12.0,0.9278557114228457
-99,200,0,-13.0,12.0,0.9278557114228457
-99,200,0,-13.0,12.0,0.9278557114228457
-99,200,0,-13.0,12.0,0.9278557114228457
-96,200,0,-13.0,12.0,0.9278557114228457
-99,200,0,-13.0,12.0,0.9278557114228457
-100,200,0,-13.0,12.0,0.9278557114228457
-99,200,0,-13.0,12.0,0.9278557114228457
-100,200,0,-13.0,12.0,0.9278557114228457
-101,200,0,-13.0,12.0,0.9278557114228457
-100,200,0,-13.0,12.0,0.9278557114228457
-101,200,0,-13.0,12.0,0.9278557114228457
-100,200,0,-13.0,12.0,0.9278557114228457
-95,200,0,-13.0,12.0,0.9278557114228457
-96,200,0,-13.0,12.0,0.9278557114228457
-95,200,0,-13.0,12.0,0.9278557114228457
-97,200,0,-13.0,12.0,0.9278557114228457
-98,200,0,-13.0,12.0,0.9278557114228457
-99,200,0,-13.0,12.0,0.9278557114228457
-94,200,0,-13.0,12.0,0.9278557114228457
-98,200,0,-13.0,12.0,0.9278557114228457
-97,200,0,-13.0,12.0,0.9278557114228457
-98,200,0,-13.0,12.0,0.9278557114228457
-97,200,0,-13.0,12.0,0.9278557114228457
-100,200,0,-13.0,12.0,0.9278557114228457
-100,200,0,-13.0,12.0,0.9278557114228457
-98,200,0,-13.0,12.0,0.9278557114228457
-99,200,0,-13.0,12.0,0.9278557114228457
-99,200,0,-13.0,12.0,0.9278557114228457
-100,200,0,-13.0,12.0,0.9278557114228457
-98,200,0,-13.0,12.0,0.9278557114228457
-100,200,0,-13.0,12.0,0.9278557114228457
-98,200,0,-13.0,12.0,0.9278557114228457
-98,200,0,-13.0,12.0,0.9278557114228457
-99,200,0,-13.0,12.0,0.9278557114228457
-99,200,0,-13.0,12.0,0.9278557114228457
-95,200,0,-13.0,12.0,0.9278557114228457
-99,200,0,-13.0,12.0,0.9278557114228457
-99,200,0,-13.0,12.0,0.9278557114228457
-98,200,0,-13.0,12.0,0.9278557114228457
-100,200,0,-13.0,12.0,0.9278557114228457
-100,200,0,-13.0,12.0,0.9278557114228457
-101,200,0,-13.0,12.0,0.9278557114228457
-99,200,0,-13.0,12.0,0.9278557114228457
-100,200,0,-13.0,12.0,0.9278557114228457
-100,200,0,-13.0,12.0,0.9278557114228457
-98,200,0,-13.0,12.0,0.9278557114228457
-99,200,0,-13.0,12.0,0.9278557114228457
-98,200,0,-13.0,12.0,0.9278557114228457
-99,200,0,-13.0,12.0,0.9278557114228457
-98,200,0,-13.0,12.0,0.9278557114228457
-100,200,0,-13.0,12.0,0.9278557114228457
-98,200,0,-13.0,12.0,0.9278557114228457
-101,200,0,-13.0,12.0,0.9278557114228457
-98,200,0,-13.0,12.0,0.9278557114228457
-96,200,0,-13.0,12.0,0.9278557114228457
-98,200,0,-13.0,12.0,0.9278557114228457
-100,200,0,-13.0,12.0,0.9278557114228457
-101,200,0,-13.0,12.0,0.9278557114228457
-97,200,0,-13.0,12.0,0.9278557114228457
-99,200,0,-13.0,12.0,0.9278557114228457
-98,200,0,-13.0,12.0,0.9278557114228457
-95,200,0,-13.0,12.0,0.9278557114228457
-100,200,0,-13.0,12.0,0.9278557114228457
-99,200,0,-13.0,12.0,0.9278557114228457
-99,200,0,-13.0,12.0,0.9278557114228457
-100,200,0,-13.0,12.0,0.9278557114228457
-100,200,0,-13.0,12.0,0.9278557114228457
-99,200,0,-13.0,12.0,0.9278557114228457
-97,200,0,-13.0,12.0,0.9278557114228457
-98,200,0,-13.0,12.0,0.9278557114228457
-100,200,0,-13.0,12.0,0.9278557114228457
-101,200,0,-13.0,12.0,0.9278557114228457
-101,200,0,-13.0,12.0,0.9278557114228457
-100,200,0,-13.0,12.0,0.9278557114228457
-100,200,0,-13.0,12.0,0.9278557114228457
-100,200,0,-13.0,12.0,0.9278557114228457
-99,200,0,-13.0,12.0,0.9278557114228457
-99,200,0,-13.0,12.0,0.9278557114228457
-100,200,0,-13.0,12.0,0.9278557114228457
-100,200,0,-13.0,12.0,0.9278557114228457
-99,200,0,-13.0,12.0,0.9278557114228457
-99,200,0,-13.0,12.0,0.9278557114228457
-97,200,0,-13.0,12.0,0.9278557114228457
-99,200,0,-13.0,12.0,0.9278557114228457
-99,200,0,-13.0,12.0,0.9278557114228457
-100,200,0,-13.0,12.0,0.9278557114228457
-98,200,0,-13.0,12.0,0.9278557114228457
-99,200,0,-13.0,12.0,0.9278557114228457
-99,200,0,-13.0,12.0,0.9278557114228457
-100,200,0,-13.0,12.0,0.9278557114228457
-101,200,0,-13.0,12.0,0.9278557114228457
-94,200,0,-13.0,12.0,0.9278557114228457
-98,200,0,-13.0,12.0,0.9278557114228457
-100,200,0,-13.0,12.0,0.9278557114228457
-101,200,0,-13.0,12.0,0.9278557114228457
-95,200,0,-13.0,12.0,0.9278557114228457
-98,200,0,-13.0,12.0,0.9278557114228457
-98,200,0,-13.0,12.0,0.9278557114228457
-98,200,0,-13.0,12.0,0.9278557114228457
-99,200,0,-13.0,12.0,0.9278557114228457
-100,200,0,-13.0,12.0,0.9278557114228457
-100,200,0,-13.0,12.0,0.9278557114228457
-99,200,0,-13.0,12.0,0.9278557114228457
-95,200,0,-13.0,12.0,0.9278557114228457
-100,200,0,-13.0,12.0,0.9278557114228457
-99,200,0,-13.0,12.0,0.9278557114228457
-97,200,0,-13.0,12.0,0.9278557114228457
-97,200,0,-13.0,12.0,0.9278557114228457
-100,200,0,-13.0,12.0,0.9278557114228457
-96,200,0,-13.0,12.0,0.9278557114228457
-96,200,0,-13.0,12.0,0.9278557114228457
-99,200,0,-13.0,12.0,0.9278557114228457
-98,200,0,-13.0,12.0,0.9278557114228457
-97,200,0,-13.0,12.0,0.9278557114228457
-99,200,0,-13.0,12.0,0.9278557114228457
-99,200,0,-13.0,12.0,0.9278557114228457
-97,200,0,-13.0,12.0,0.9278557114228457
-99,200,0,-13.0,12.0,0.9278557114228457
-97,200,0,-13.0,12.0,0.9278557114228457
-99,200,0,-13.0,12.0,0.9278557114228457
-99,200,0,-13.0,12.0,0.9278557114228457
-97,200,0,-13.0,12.0,0.9278557114228457
-98,200,0,-13.0,12.0,0.9278557114228457
-98,200,0,-13.0,12.0,0.9278557114228457
-94,200,0,-13.0,12.0,0.9278557114228457
-100,200,0,-13.0,12.0,0.9278557114228457
-100,200,0,-13.0,12.0,0.9278557114228457
-99,200,0,-13.0,12.0,0.9278557114228457
-100,200,0,-13.0,12.0,0.9278557114228457
-99,200,0,-13.0,12.0,0.9278557114228457
-99,200,0,-13.0,12.0,0.9278557114228457
-99,200,0,-13.0,12.0,0.9278557114228457
-100,200,0,-13.0,12.0,0.9278557114228457
-99,200,0,-13.0,12.0,0.9278557114228457
-100,200,0,-13.0,12.0,0.9278557114228457
-97,200,0,-13.0,12.0,0.9278557114228457
-98,200,0,-13.0,12.0,0.9278557114228457
-100,200,0,-13.0,12.0,0.9278557114228457
-97,200,0,-13.0,12.0,0.9278557114228457
-97,200,0,-13.0,12.0,0.9278557114228457
-96,200,0,-13.0,12.0,0.9278557114228457
-99,200,0,-13.0,12.0,0.9278557114228457
-101,200,0,-13.0,12.0,0.9278557114228457
-99,200,0,-13.0,12.0,0.9278557114228457
-99,200,0,-13.0,12.0,0.9278557114228457
-99,200,0,-13.0,12.0,0.9278557114228457
-97,200,0,-13.0,12.0,0.9278557114228457
-99,200,0,-13.0,12.0,0.9278557114228457
-100,200,0,-13.0,12.0,0.9278557114228457
-97,200,0,-13.0,12.0,0.9278557114228457
-99,200,0,-13.0,12.0,0.9278557114228457
-97,200,0,-13.0,12.0,0.9278557114228457
-99,200,0,-13.0,12.0,0.9278557114228457
-99,200,0,-13.0,12.0,0.9278557114228457
-99,200,0,-13.0,12.0,0.9278557114228457
-99,200,0,-13.0,12.0,0.9278557114228457
-101,100,15,-6.0,1.8,0.9629629629629629
-100,100,15,-6.0,1.8,0.9629629629629629
-97,100,15,-6.0,1.8,0.9629629629629629
-100,100,15,-6.0,1.8,0.9629629629629629
-101,100,15,-6.0,1.8,0.9629629629629629
-107,100,15,-6.0,1.8,0.9629629629629629
-102,100,15,-6.0,1.8,0.9629629629629629
-99,100,15,-6.0,1.8,0.9629629629629629
-97,100,15,-6.0,1.8,0.9629629629629629
-104,100,15,-6.0,1.8,0.9629629629629629
-100,100,15,-6.0,1.8,0.9629629629629629
-108,100,15,-6.0,1.8,0.9629629629629629
-100,100,15,-6.0,1.8,0.9629629629629629
-101,100,15,-6.0,1.8,0.9629629629629629
-101,100,15,-6.0,1.8,0.9629629629629629
-97,100,15,-6.0,1.8,0.9629629629629629
-94,100,15,-6.0,1.8,0.9629629629629629
-92,100,15,-6.0,1.8,0.9629629629629629
-94,100,15,-6.0,1.8,0.9629629629629629
-97,100,15,-6.0,1.8,0.9629629629629629
-98,100,15,-6.0,1.8,0.9629629629629629
-97,100,15,-6.0,1.8,0.9629629629629629
-103,100,15,-6.0,1.8,0.9629629629629629
-104,100,15,-6.0,1.8,0.9629629629629629
-101,100,15,-6.0,1.8,0.9629629629629629
-96,100,15,-6.0,1.8,0.9629629629629629
-98,100,15,-6.0,1.8,0.9629629629629629
-100,100,15,-6.0,1.8,0.9629629629629629
-100,100,15,-6.0,1.8,0.9629629629629629
-100,100,15,-6.0,1.8,0.9629629629629629
-104,100,15,-6.0,1.8,0.9629629629629629
-100,100,15,-6.0,1.8,0.9629629629629629
-99,100,15,-6.0,1.8,0.9629629629629629
-100,100,15,-6.0,1.8,0.9629629629629629
-102,100,15,-6.0,1.8,0.9629629629629629
-99,100,15,-6.0,1.8,0.9629629629629629
-108,100,15,-6.0,1.8,0.9629629629629629
-99,100,15,-6.0,1.8,0.9629629629629629
-101,100,15,-6.0,1.8,0.9629629629629629
-99,100,15,-6.0,1.8,0.9629629629629629
-97,100,15,-6.0,1.8,0.9629629629629629
-97,100,15,-6.0,1.8,0.9629629629629629
-97,100,15,-6.0,1.8,0.9629629629629629
-97,100,15,-6.0,1.8,0.9629629629629629
-98,100,15,-6.0,1.8,0.9629629629629629
-109,100,15,-6.0,1.8,0.9629629629629629
-100,100,15,-6.0,1.8,0.9629629629629629
-100,100,15,-6.0,1.8,0.9629629629629629
-96,100,15,-6.0,1.8,0.9629629629629629
-93,100,15,-6.0,1.8,0.9629629629629629
-97,100,15,-6.0,1.8,0.9629629629629629
-95,100,15,-6.0,1.8,0.9629629629629629
-93,110,15,-6.0,1.8,1.0
-94,110,15,-6.0,1.8,1.0
-93,110,15,-6.0,1.8,1.0
-93,110,15,-6.0,1.8,1.0
-94,110,15,-6.0,1.8,1.0
-88,110,15,-6.0,1.8,1.0
-92,110,15,-6.0,1.8,1.0
-93,110,15,-6.0,1.8,1.0
-89,110,15,-6.0,1.8,1.0
-92,110,15,-6.0,1.8,1.0
-94,110,15,-6.0,1.8,1.0
-92,110,15,-6.0,1.8,1.0
-93,110,15,-6.0,1.8,1.0
-91,110,15,-6.0,1.8,1.0
-93,110,15,-6.0,1.8,1.0
-92,110,15,-6.0,1.8,1.0
-88,110,15,-6.0,1.8,1.0
-88,110,15,-6.0,1.8,1.0
-86,110,15,-6.0,1.8,1.0
-88,110,15,-6.0,1.8,1.0
-89,110,15,-6.0,1.8,1.0
-89,110,15,-6.0,1.8,1.0
-91,110,15,-6.0,1.8,1.0
-89,110,15,-6.0,1.8,1.0
-89,110,15,-6.0,1.8,1.0
-92,110,15,-6.0,1.8,1.0
-91,110,15,-6.0,1.8,1.0
-86,110,15,-6.0,1.8,1.0
-89,110,15,-6.0,1.8,1.0
-87,110,15,-6.0,1.8,1.0
-92,110,15,-6.0,1.8,1.0
-91,110,15,-6.0,1.8,1.0
-89,110,15,-6.0,1.8,1.0
-85,110,15,-6.0,1.8,1.0
-91,110,15,-6.0,1.8,1.0
-89,110,15,-6.0,1.8,1.0
-88,110,15,-6.0,1.8,1.0
-89,110,15,-6.0,1.8,1.0
-92,110,15,-6.0,1.8,1.0
-100,130,15,-6.0,1.8,0.9090909090909091
-101,130,15,-6.0,1.8,0.9090909090909091
-97,130,15,-6.0,1.8,0.9090909090909091
-102,130,15,-6.0,1.8,0.9090909090909091
-101,130,15,-6.0,1.8,0.9090909090909091
-101,130,15,-6.0,1.8,0.9090909090909091
-101,130,15,-6.0,1.8,0.9090909090909091
-104,130,15,-6.0,1.8,0.9090909090909091
-105,130,15,-6.0,1.8,0.9090909090909091
-104,130,15,-6.0,1.8,0.9090909090909091
-110,130,15,-6.0,1.8,0.9090909090909091
-101,130,15,-6.0,1.8,0.9090909090909091
-100,130,15,-6.0,1.8,0.9090909090909091
-103,130,15,-6.0,1.8,0.9090909090909091
-102,130,15,-6.0,1.8,0.9090909090909091
-102,130,15,-6.0,1.8,0.9090909090909091
-104,130,15,-6.0,1.8,0.9090909090909091
-107,130,15,-6.0,1.8,0.9090909090909091
-102,130,15,-6.0,1.8,0.9090909090909091
-107,130,15,-6.0,1.8,0.9090909090909091
-98,130,15,-6.0,1.8,0.9090909090909091
-104,130,15,-6.0,1.8,0.9090909090909091
-102,130,15,-6.0,1.8,0.9090909090909091
-99,130,15,-6.0,1.8,0.9090909090909091
-102,130,15,-6.0,1.8,0.9090909090909091
-100,130,15,-6.0,1.8,0.9090909090909091
-102,130,15,-6.0,1.8,0.9090909090909091
-101,130,15,-6.0,1.8,0.9090909090909091
-99,130,15,-6.0,1.8,0.9090909090909091
-101,130,15,-6.0,1.8,0.9090909090909091
-101,130,15,-6.0,1.8,0.9090909090909091
-100,130,15,-6.0,1.8,0.9090909090909091
-99,130,15,-6.0,1.8,0.9090909090909091
-97,130,15,-6.0,1.8,0.9090909090909091
-99,130,15,-6.0,1.8,0.9090909090909091
-102,130,15,-6.0,1.8,0.9090909090909091
-102,130,15,-6.0,1.8,0.9090909090909091
-102,130,15,-6.0,1.8,0.9090909090909091
-102,130,15,-6.0,1.8,0.9090909090909091
-100,130,15,-6.0,1.8,0.9090909090909091
-95,150,15,-6.0,1.8,0.7428571428571429
-100,150,15,-6.0,1.8,0.7428571428571429
-97,150,15,-6.0,1.8,0.7428571428571429
-100,150,15,-6.0,1.8,0.7428571428571429
-97,150,15,-6.0,1.8,0.7428571428571429
-95,150,15,-6.0,1.8,0.7428571428571429
-97,150,15,-6.0,1.8,0.7428571428571429
-108,150,15,-6.0,1.8,0.7428571428571429
-98,150,15,-6.0,1.8,0.7428571428571429
-100,150,15,-6.0,1.8,0.7428571428571429
-99,150,15,-6.0,1.8,0.7428571428571429
-108,150,15,-6.0,1.8,0.7428571428571429
-95,150,15,-6.0,1.8,0.7428571428571429
-102,150,15,-6.0,1.8,0.7428571428571429
-98,150,15,-6.0,1.8,0.7428571428571429
-99,150,15,-6.0,1.8,0.7428571428571429
-103,150,15,-6.0,1.8,0.7428571428571429
-102,150,15,-6.0,1.8,0.7428571428571429
-100,150,15,-6.0,1.8,0.7428571428571429
-100,150,15,-6.0,1.8,0.7428571428571429
-102,150,15,-6.0,1.8,0.7428571428571429
-104,150,15,-6.0,1.8,0.7428571428571429
-105,150,15,-6.0,1.8,0.7428571428571429
-102,150,15,-6.0,1.8,0.7428571428571429
-100,150,15,-6.0,1.8,0.7428571428571429
-101,150,15,-6.0,1.8,0.7428571428571429
-105,150,15,-6.0,6.39,0.8205128205128205
-98,150,15,-6.0,6.39,0.8205128205128205
-103,150,15,-6.0,6.39,0.8205128205128205
-111,150,15,-6.0,6.39,0.8205128205128205
-99,150,15,-6.0,6.39,0.8205128205128205
-108,150,15,-6.0,6.39,0.8205128205128205
-103,150,15,-6.0,6.39,0.8205128205128205
-102,150,15,-6.0,6.39,0.8205128205128205
-101,150,15,-6.0,6.39,0.8205128205128205
-102,150,15,-6.0,6.39,0.8205128205128205
-101,150,15,-6.0,6.39,0.8205128205128205
-101,150,15,-6.0,6.39,0.8205128205128205
-102,150,15,-6.0,6.39,0.8205128205128205
-105,150,15,-6.0,6.39,0.8205128205128205
-104,150,15,-6.0,6.39,0.8205128205128205
-102,150,15,-6.0,6.39,0.8205128205128205
-104,150,15,-6.0,6.39,0.8205128205128205
-104,150,15,-6.0,6.39,0.8205128205128205
-101,150,15,-6.0,6.39,0.8205128205128205
-107,150,15,-6.0,6.39,0.8205128205128205
-102,150,15,-6.0,6.39,0.8205128205128205
-107,150,15,-6.0,6.39,0.8205128205128205
-109,150,15,-6.0,6.39,0.8205128205128205
-111,150,15,-6.0,6.39,0.8205128205128205
-109,150,15,-6.0,6.39,0.8205128205128205
-107,150,15,-6.0,6.39,0.8205128205128205
-107,150,15,-6.0,6.39,0.8205128205128205
-106,150,15,-6.0,6.39,0.8205128205128205
-110,150,15,-6.0,6.39,0.8205128205128205
-107,150,15,-6.0,6.39,0.8205128205128205
-107,150,15,-6.0,6.39,0.8205128205128205
-107,150,15,-6.0,6.39,0.8205128205128205
-103,150,15,-6.0,6.39,0.8205128205128205
-107,150,15,-6.0,6.39,0.8205128205128205
-109,150,15,-6.0,6.39,0.8205128205128205
-107,150,15,-6.0,6.39,0.8205128205128205
-103,150,15,-6.0,6.39,0.8205128205128205
-109,150,15,-6.0,6.39,0.8205128205128205
-109,150,15,-6.0,6.39,0.8205128205128205
-110,150,15,-6.0,6.39,0.8205128205128205
-110,150,15,-6.0,6.39,0.8205128205128205
-106,150,15,-6.0,6.39,0.8205128205128205
-106,150,15,-6.0,6.39,0.8205128205128205
-105,150,15,-6.0,6.39,0.8205128205128205
-105,150,15,-6.0,6.39,0.8205128205128205
-107,150,15,-6.0,6.39,0.8205128205128205
-106,150,15,-6.0,6.39,0.8205128205128205
-107,150,15,-6.0,6.39,0.8205128205128205
-107,150,15,-6.0,6.39,0.8205128205128205
-109,150,15,-6.0,6.39,0.8205128205128205
-110,150,15,-6.0,6.39,0.8205128205128205
-108,150,15,-6.0,6.39,0.8205128205128205
-110,150,15,-6.0,6.39,0.8205128205128205
-107,150,15,-6.0,6.39,0.8205128205128205
-109,150,15,-6.0,6.39,0.8205128205128205
-109,150,15,-6.0,6.39,0.8205128205128205
-109,150,15,-6.0,6.39,0.8205128205128205
-111,150,15,-6.0,6.39,0.8205128205128205
-105,150,15,-6.0,6.39,0.8205128205128205
-109,150,15,-6.0,6.39,0.8205128205128205
-110,150,15,-6.0,6.39,0.8205128205128205
-106,150,15,-6.0,6.39,0.8205128205128205
-108,150,15,-6.0,6.39,0.8205128205128205
-109,150,15,-6.0,6.39,0.8205128205128205
-108,150,15,-6.0,6.39,0.8205128205128205
-110,150,15,-6.0,6.39,0.8205128205128205
-110,150,15,-6.0,6.39,0.8205128205128205
-110,150,15,-6.0,6.39,0.8205128205128205
-110,150,15,-6.0,6.39,0.8205128205128205
-108,150,15,-6.0,6.39,0.8205128205128205
-108,150,15,-6.0,6.39,0.8205128205128205
-108,150,15,-6.0,6.39,0.8205128205128205
-105,150,15,-6.0,6.39,0.8205128205128205
-108,150,15,-6.0,6.39,0.8205128205128205
-105,150,15,-6.0,6.39,0.8205128205128205
-110,150,15,-6.0,6.39,0.8205128205128205
-109,150,15,-6.0,6.39,0.8205128205128205
-109,150,15,-6.0,6.39,0.8205128205128205
-110,150,15,-6.0,6.39,0.8205128205128205
-111,150,15,-6.0,6.39,0.8205128205128205
-111,150,15,-6.0,6.39,0.8205128205128205
-111,150,15,-6.0,6.39,0.8205128205128205
-111,150,15,-6.0,6.39,0.8205128205128205
-107,150,15,-6.0,6.39,0.8205128205128205
-108,150,15,-6.0,6.39,0.8205128205128205
-110,150,15,-6.0,6.39,0.8205128205128205
-109,150,15,-6.0,6.39,0.8205128205128205
-108,150,15,-6.0,6.39,0.8205128205128205
-108,150,15,-6.0,6.39,0.8205128205128205
-110,150,15,-6.0,6.39,0.8205128205128205
-110,150,15,-6.0,6.39,0.8205128205128205
-109,150,15,-6.0,6.39,0.8205128205128205
-110,150,15,-6.0,6.39,0.8205128205128205
-111,150,15,-6.0,6.39,0.8205128205128205
-106,150,15,-6.0,6.39,0.8205128205128205
-109,150,15,-6.0,6.39,0.8205128205128205
-109,150,15,-6.0,6.39,0.8205128205128205
-110,150,15,-6.0,6.39,0.8205128205128205
-108,150,15,-6.0,6.39,0.8205128205128205
-110,150,15,-6.0,6.39,0.8205128205128205
-106,150,15,-6.0,6.39,0.8205128205128205
-108,150,15,-6.0,6.39,0.8205128205128205
-108,150,15,-6.0,6.39,0.8205128205128205
-108,150,15,-6.0,6.39,0.8205128205128205
-105,150,15,-6.0,6.39,0.8205128205128205
-107,150,15,-6.0,6.39,0.8205128205128205
-110,150,15,-6.0,6.39,0.8205128205128205
-109,150,15,-6.0,6.39,0.8205128205128205
-108,150,15,-6.0,6.39,0.8205128205128205
-109,150,15,-6.0,6.39,0.8205128205128205
-109,150,15,-6.0,6.39,0.8205128205128205
-109,150,15,-6.0,6.39,0.8205128205128205
-106,150,15,-6.0,6.39,0.8205128205128205
-110,150,15,-6.0,6.39,0.8205128205128205
-109,150,15,-6.0,6.39,0.8205128205128205
-109,150,15,-6.0,6.39,0.8205128205128205
-110,150,15,-6.0,6.39,0.8205128205128205
-109,150,15,-6.0,6.39,0.8205128205128205
-108,150,15,-6.0,6.39,0.8205128205128205
-110,150,15,-6.0,6.39,0.8205128205128205
-105,150,15,-6.0,6.39,0.8205128205128205
-109,150,15,-6.0,6.39,0.8205128205128205
-109,150,15,-6.0,6.39,0.8205128205128205
-109,150,15,-6.0,6.39,0.8205128205128205
-108,150,15,-6.0,6.39,0.8205128205128205
-107,150,15,-6.0,6.39,0.8205128205128205
-107,150,15,-6.0,6.39,0.8205128205128205
-112,150,15,-6.0,6.39,0.8205128205128205
-108,170,15,-6.0,1.8,0.926829268292683
-107,170,15,-6.0,1.8,0.926829268292683
-107,170,15,-6.0,1.8,0.926829268292683
-104,170,15,-6.0,1.8,0.926829268292683
-104,170,15,-6.0,1.8,0.926829268292683
-104,170,15,-6.0,1.8,0.926829268292683
-101,170,15,-6.0,1.8,0.926829268292683
-109,170,15,-6.0,1.8,0.926829268292683
-104,170,15,-6.0,1.8,0.926829268292683
-103,170,15,-6.0,1.8,0.926829268292683
-106,170,15,-6.0,1.8,0.926829268292683
-106,170,15,-6.0,1.8,0.926829268292683
-103,170,15,-6.0,1.8,0.926829268292683
-105,170,15,-6.0,1.8,0.926829268292683
-104,170,15,-6.0,1.8,0.926829268292683
-106,170,15,-6.0,1.8,0.926829268292683
-106,170,15,-6.0,1.8,0.926829268292683
-107,170,15,-6.0,1.8,0.926829268292683
-108,170,15,-6.0,1.8,0.926829268292683
-105,170,15,-6.0,1.8,0.926829268292683
-107,170,15,-6.0,1.8,0.926829268292683
-106,170,15,-6.0,1.8,0.926829268292683
-106,170,15,-6.0,1.8,0.926829268292683
-105,170,15,-6.0,1.8,0.926829268292683
-107,170,15,-6.0,1.8,0.926829268292683
-109,170,15,-6.0,1.8,0.926829268292683
-108,170,15,-6.0,1.8,0.926829268292683
-108,170,15,-6.0,1.8,0.926829268292683
-107,170,15,-6.0,1.8,0.926829268292683
-109,170,15,-6.0,1.8,0.926829268292683
-106,170,15,-6.0,1.8,0.926829268292683
-104,170,15,-6.0,1.8,0.926829268292683
-104,170,15,-6.0,1.8,0.926829268292683
-103,170,15,-6.0,1.8,0.926829268292683
-104,170,15,-6.0,1.8,0.926829268292683
-108,170,15,-6.0,1.8,0.926829268292683
-107,170,15,-6.0,1.8,0.926829268292683
-105,170,15,-6.0,1.8,0.926829268292683
-102,200,15,-6.0,1.8,1.0
-102,200,15,-6.0,1.8,1.0
-100,200,15,-6.0,1.8,1.0
-101,200,15,-6.0,1.8,1.0
-99,200,15,-6.0,1.8,1.0
-98,200,15,-6.0,1.8,1.0
-99,200,15,-6.0,1.8,1.0
-101,200,15,-6.0,1.8,1.0
-100,200,15,-6.0,1.8,1.0
-98,200,15,-6.0,1.8,1.0
-100,200,15,-6.0,1.8,1.0
-102,200,15,-6.0,1.8,1.0
-97,200,15,-6.0,1.8,1.0
-101,200,15,-6.0,1.8,1.0
-102,200,15,-6.0,1.8,1.0
-98,200,15,-6.0,1.8,1.0
-101,200,15,-6.0,1.8,1.0
-97,200,15,-6.0,1.8,1.0
-101,200,15,-6.0,1.8,1.0
-102,200,15,-6.0,1.8,1.0
-97,200,15,-6.0,1.8,1.0
-100,200,15,-6.0,1.8,1.0
-101,200,15,-6.0,1.8,1.0
-97,200,15,-6.0,1.8,1.0
-101,200,15,-6.0,1.8,1.0
-97,200,15,-6.0,1.8,1.0
-101,200,15,-6.0,1.8,1.0
-99,200,15,-6.0,1.8,1.0
-100,200,15,-6.0,1.8,1.0
-102,200,15,-6.0,1.8,1.0
-101,200,15,-6.0,1.8,1.0
-102,200,15,-6.0,1.8,1.0
-102,200,15,-6.0,1.8,1.0
-101,200,15,-6.0,1.8,1.0
-100,200,15,-6.0,1.8,1.0
-101,200,15,-6.0,1.8,1.0
-101,200,15,-6.0,1.8,1.0
-100,200,15,-6.0,1.8,1.0
-101,200,15,-6.0,1.8,1.0
-101,200,15,-6.0,1.8,1.0
-100,200,15,-6.0,1.8,1.0
-100,200,15,-6.0,1.8,1.0
-96,200,15,-6.0,1.8,1.0
-100,200,15,-6.0,1.8,1.0
-99,200,15,-6.0,1.8,1.0
-101,200,15,-6.0,1.8,1.0
-98,200,15,-6.0,1.8,1.0
-100,200,15,-6.0,1.8,1.0
-99,200,15,-6.0,1.8,1.0
-103,200,15,-6.0,1.8,1.0
-101,200,15,-6.0,1.8,1.0
-103,200,15,-6.0,1.8,1.0
-102,200,15,-6.0,1.8,1.0
-102,200,15,-6.0,1.8,1.0
-101,200,15,-6.0,1.8,1.0
-102,200,15,-6.0,1.8,1.0
-104,200,15,-6.0,1.8,1.0
-101,200,15,-6.0,1.8,1.0
-103,200,15,-6.0,1.8,1.0
-102,200,15,-6.0,1.8,1.0
-102,200,15,-6.0,1.8,1.0
-99,200,15,-6.0,1.8,1.0
-99,200,15,-6.0,1.8,1.0
-102,200,15,-6.0,1.8,1.0
-101,200,15,-6.0,1.8,1.0
-98,200,15,-6.0,1.8,1.0
-101,200,15,-6.0,1.8,1.0
-104,200,15,-6.0,1.8,1.0
-100,200,15,-6.0,1.8,1.0
-102,200,15,-6.0,1.8,1.0
-101,200,15,-6.0,1.8,1.0
-103,200,15,-6.0,1.8,1.0
-102,200,15,-6.0,1.8,1.0
-101,200,15,-6.0,1.8,1.0
-98,200,15,-6.0,1.8,1.0
-101,200,15,-6.0,1.8,1.0
-100,200,15,-6.0,1.8,1.0
-102,200,15,-6.0,1.8,1.0
-99,200,15,-6.0,1.8,1.0
-100,200,15,-6.0,1.8,1.0
-102,200,15,-6.0,1.8,1.0
-101,200,15,-6.0,1.8,1.0
-98,200,15,-6.0,1.8,1.0
-101,200,15,-6.0,1.8,1.0
-100,200,15,-6.0,1.8,1.0
-102,200,15,-6.0,1.8,1.0
-101,200,15,-6.0,1.8,1.0
-102,200,15,-6.0,1.8,1.0
-101,200,15,-6.0,1.8,1.0
-102,200,15,-6.0,1.8,1.0
-102,200,15,-6.0,1.8,1.0
-100,200,15,-6.0,1.8,1.0
-102,200,15,-6.0,1.8,1.0
-102,200,15,-6.0,1.8,1.0
-101,200,15,-6.0,1.8,1.0
-98,200,15,-6.0,1.8,1.0
-101,200,15,-6.0,1.8,1.0
-103,200,15,-6.0,1.8,1.0
-100,200,15,-6.0,1.8,1.0
-99,200,15,-6.0,1.8,1.0
-100,200,15,-6.0,1.8,1.0
-98,200,15,-6.0,1.8,1.0
-101,200,15,-6.0,1.8,1.0
-101,200,15,-6.0,1.8,1.0
-98,200,15,-6.0,1.8,1.0
-100,200,15,-6.0,1.8,1.0
-98,200,15,-6.0,1.8,1.0
-101,200,15,-6.0,1.8,1.0
-101,200,15,-6.0,1.8,1.0
-101,200,15,-6.0,1.8,1.0
-101,200,15,-6.0,1.8,1.0
-102,200,15,-6.0,1.8,1.0
-102,200,15,-6.0,1.8,1.0
-100,200,15,-6.0,1.8,1.0
-103,200,15,-6.0,1.8,1.0
-100,200,15,-6.0,1.8,1.0
-101,200,15,-6.0,1.8,1.0
-104,200,15,-6.0,1.8,1.0
-101,200,15,-6.0,1.8,1.0
-97,200,15,-6.0,1.8,1.0
-101,200,15,-6.0,1.8,1.0
-101,200,15,-6.0,1.8,1.0
-103,200,15,-6.0,1.8,1.0
-102,200,15,-6.0,1.8,1.0
-104,200,15,-6.0,1.8,1.0
-102,200,15,-6.0,1.8,1.0
-100,200,15,-6.0,1.8,1.0
-102,200,15,-6.0,1.8,1.0
-103,200,15,-6.0,1.8,1.0
-102,200,15,-6.0,1.8,1.0
-102,200,15,-6.0,1.8,1.0
-103,200,15,-6.0,1.8,1.0
-102,200,15,-6.0,1.8,1.0
-101,200,15,-6.0,1.8,1.0
-101,200,15,-6.0,1.8,1.0
-102,200,15,-6.0,1.8,1.0
-103,200,15,-6.0,1.8,1.0
-104,200,15,-6.0,1.8,1.0
-101,200,15,-6.0,1.8,1.0
-93,100,5,-16.0,0.8,0.9032258064516129
-96,100,5,-16.0,0.8,0.9032258064516129
-96,100,5,-16.0,0.8,0.9032258064516129
-96,100,5,-16.0,0.8,0.9032258064516129
-97,100,5,-16.0,0.8,0.9032258064516129
-101,100,5,-16.0,0.8,0.9032258064516129
-95,100,5,-16.0,0.8,0.9032258064516129
-97,100,5,-16.0,0.8,0.9032258064516129
-100,100,5,-16.0,0.8,0.9032258064516129
-105,100,5,-16.0,0.8,0.9032258064516129
-98,100,5,-16.0,0.8,0.9032258064516129
-97,100,5,-16.0,0.8,0.9032258064516129
-94,100,5,-16.0,0.8,0.9032258064516129
-93,100,5,-16.0,0.8,0.9032258064516129
-94,100,5,-16.0,0.8,0.9032258064516129
-96,100,5,-16.0,0.8,0.9032258064516129
-92,100,5,-16.0,0.8,0.9032258064516129
-96,100,5,-16.0,0.8,0.9032258064516129
-98,100,5,-16.0,0.8,0.9032258064516129
-99,100,5,-16.0,0.8,0.9032258064516129
-101,100,5,-16.0,0.8,0.9032258064516129
-92,100,5,-16.0,0.8,0.9032258064516129
-102,100,5,-16.0,0.8,0.9032258064516129
-94,100,5,-16.0,0.8,0.9032258064516129
-95,100,5,-16.0,0.8,0.9032258064516129
-98,100,5,-16.0,0.8,0.9032258064516129
-92,100,5,-16.0,0.8,0.9032258064516129
-96,100,5,-16.0,0.8,0.9032258064516129
-97,100,5,-16.0,1.5,0.8297872340425532
-99,100,5,-16.0,1.5,0.8297872340425532
-95,100,5,-16.0,1.5,0.8297872340425532
-96,100,5,-16.0,1.5,0.8297872340425532
-100,100,5,-16.0,1.5,0.8297872340425532
-94,100,5,-16.0,1.5,0.8297872340425532
-98,100,5,-16.0,1.5,0.8297872340425532
-99,100,5,-16.0,1.5,0.8297872340425532
-97,100,5,-16.0,1.5,0.8297872340425532
-98,100,5,-16.0,1.5,0.8297872340425532
-96,100,5,-16.0,1.5,0.8297872340425532
-97,100,5,-16.0,1.5,0.8297872340425532
-97,100,5,-16.0,1.5,0.8297872340425532
-99,100,5,-16.0,1.5,0.8297872340425532
-94,100,5,-16.0,1.5,0.8297872340425532
-97,100,5,-16.0,1.5,0.8297872340425532
-97,100,5,-16.0,1.5,0.8297872340425532
-96,100,5,-16.0,1.5,0.8297872340425532
-98,100,5,-16.0,1.5,0.8297872340425532
-100,100,5,-16.0,1.5,0.8297872340425532
-96,100,5,-16.0,1.5,0.8297872340425532
-95,100,5,-16.0,1.5,0.8297872340425532
-96,100,5,-16.0,1.5,0.8297872340425532
-95,100,5,-16.0,1.5,0.8297872340425532
-91,100,5,-16.0,1.5,0.8297872340425532
-94,100,5,-16.0,1.5,0.8297872340425532
-95,100,5,-16.0,1.5,0.8297872340425532
-95,100,5,-16.0,1.5,0.8297872340425532
-96,100,5,-16.0,1.5,0.8297872340425532
-92,100,5,-16.0,1.5,0.8297872340425532
-95,100,5,-16.0,1.5,0.8297872340425532
-94,100,5,-16.0,1.5,0.8297872340425532
-95,100,5,-16.0,1.5,0.8297872340425532
-98,100,5,-16.0,1.5,0.8297872340425532
-95,100,5,-16.0,1.5,0.8297872340425532
-98,100,5,-16.0,1.5,0.8297872340425532
-92,100,5,-16.0,1.5,0.8297872340425532
-87,100,5,-16.0,1.5,0.8297872340425532
-89,100,5,-16.0,1.5,0.8297872340425532
-103,100,5,-6.0,6.39,0.8208955223880597
-103,100,5,-6.0,6.39,0.8208955223880597
-103,100,5,-6.0,6.39,0.8208955223880597
-104,100,5,-6.0,6.39,0.8208955223880597
-103,100,5,-6.0,6.39,0.8208955223880597
-103,100,5,-6.0,6.39,0.8208955223880597
-102,100,5,-6.0,6.39,0.8208955223880597
-99,100,5,-6.0,6.39,0.8208955223880597
-102,100,5,-6.0,6.39,0.8208955223880597
-102,100,5,-6.0,6.39,0.8208955223880597
-99,100,5,-6.0,6.39,0.8208955223880597
-102,100,5,-6.0,6.39,0.8208955223880597
-99,100,5,-6.0,6.39,0.8208955223880597
-98,100,5,-6.0,6.39,0.8208955223880597
-102,100,5,-6.0,6.39,0.8208955223880597
-103,100,5,-6.0,6.39,0.8208955223880597
-103,100,5,-6.0,6.39,0.8208955223880597
-102,100,5,-6.0,6.39,0.8208955223880597
-98,100,5,-6.0,6.39,0.8208955223880597
-102,100,5,-6.0,6.39,0.8208955223880597
-99,100,5,-6.0,6.39,0.8208955223880597
-102,100,5,-6.0,6.39,0.8208955223880597
-103,100,5,-6.0,6.39,0.8208955223880597
-100,100,5,-6.0,6.39,0.8208955223880597
-101,100,5,-6.0,6.39,0.8208955223880597
-98,100,5,-6.0,6.39,0.8208955223880597
-102,100,5,-6.0,6.39,0.8208955223880597
-102,100,5,-6.0,6.39,0.8208955223880597
-102,100,5,-6.0,6.39,0.8208955223880597
-102,100,5,-6.0,6.39,0.8208955223880597
-103,100,5,-6.0,6.39,0.8208955223880597
-101,100,5,-6.0,6.39,0.8208955223880597
-99,100,5,-6.0,6.39,0.8208955223880597
-103,100,5,-6.0,6.39,0.8208955223880597
-102,100,5,-6.0,6.39,0.8208955223880597
-103,100,5,-6.0,6.39,0.8208955223880597
-98,100,5,-6.0,6.39,0.8208955223880597
-103,100,5,-6.0,6.39,0.8208955223880597
-102,100,5,-6.0,6.39,0.8208955223880597
-102,100,5,-6.0,6.39,0.8208955223880597
-99,100,5,-6.0,6.39,0.8208955223880597
-103,100,5,-6.0,6.39,0.8208955223880597
-103,100,5,-6.0,6.39,0.8208955223880597
-102,100,5,-6.0,6.39,0.8208955223880597
-99,100,5,-6.0,6.39,0.8208955223880597
-103,100,5,-6.0,6.39,0.8208955223880597
-102,100,5,-6.0,6.39,0.8208955223880597
-102,100,5,-6.0,6.39,0.8208955223880597
-103,100,5,-6.0,6.39,0.8208955223880597
-103,100,5,-6.0,6.39,0.8208955223880597
-103,100,5,-6.0,6.39,0.8208955223880597
-102,100,5,-6.0,6.39,0.8208955223880597
-102,100,5,-6.0,6.39,0.8208955223880597
-102,100,5,-6.0,6.39,0.8208955223880597
-99,100,5,-6.0,6.39,0.8208955223880597
-103,100,5,-6.0,6.39,0.8208955223880597
-101,100,5,-6.0,6.39,0.8208955223880597
-102,100,5,-6.0,6.39,0.8208955223880597
-99,100,5,-6.0,6.39,0.8208955223880597
-103,100,5,-6.0,6.39,0.8208955223880597
-103,100,5,-6.0,6.39,0.8208955223880597
-102,100,5,-6.0,6.39,0.8208955223880597
-99,100,5,-6.0,6.39,0.8208955223880597
-102,100,5,-6.0,6.39,0.8208955223880597
-103,100,5,-6.0,6.39,0.8208955223880597
-103,100,5,-6.0,6.39,0.8208955223880597
-100,100,5,-6.0,6.39,0.8208955223880597
-103,100,5,-6.0,6.39,0.8208955223880597
-98,100,5,-6.0,6.39,0.8208955223880597
-99,100,5,-6.0,6.39,0.8208955223880597
-102,100,5,-6.0,6.39,0.8208955223880597
-103,100,5,-6.0,6.39,0.8208955223880597
-102,100,5,-6.0,6.39,0.8208955223880597
-103,100,5,-6.0,6.39,0.8208955223880597
-99,100,5,-6.0,6.39,0.8208955223880597
-102,100,5,-6.0,6.39,0.8208955223880597
-103,100,5,-6.0,6.39,0.8208955223880597
-102,100,5,-6.0,6.39,0.8208955223880597
-100,100,5,-6.0,6.39,0.8208955223880597
-102,100,5,-6.0,6.39,0.8208955223880597
-102,100,5,-6.0,6.39,0.8208955223880597
-103,100,5,-6.0,6.39,0.8208955223880597
-102,100,5,-6.0,6.39,0.8208955223880597
-102,100,5,-6.0,6.39,0.8208955223880597
-103,100,5,-6.0,6.39,0.8208955223880597
-99,100,5,-6.0,6.39,0.8208955223880597
-103,100,5,-6.0,6.39,0.8208955223880597
-103,100,5,-6.0,6.39,0.8208955223880597
-103,100,5,-6.0,6.39,0.8208955223880597
-102,100,5,-6.0,6.39,0.8208955223880597
-103,100,5,-6.0,6.39,0.8208955223880597
-103,100,5,-6.0,6.39,0.8208955223880597
-103,100,5,-6.0,6.39,0.8208955223880597
-100,100,5,-6.0,6.39,0.8208955223880597
-102,100,5,-6.0,6.39,0.8208955223880597
-102,100,5,-6.0,6.39,0.8208955223880597
-103,100,5,-6.0,6.39,0.8208955223880597
-102,100,5,-6.0,6.39,0.8208955223880597
-100,100,5,-6.0,6.39,0.8208955223880597
-103,100,5,-6.0,6.39,0.8208955223880597
-103,100,5,-6.0,6.39,0.8208955223880597
-102,100,5,-6.0,6.39,0.8208955223880597
-102,100,5,-6.0,6.39,0.8208955223880597
-102,100,5,-6.0,6.39,0.8208955223880597
-100,100,5,-6.0,6.39,0.8208955223880597
-100,100,5,-6.0,6.39,0.8208955223880597
-102,100,5,-6.0,6.39,0.8208955223880597
-102,100,5,-6.0,6.39,0.8208955223880597
-99,100,5,-6.0,6.39,0.8208955223880597
-103,100,5,-6.0,6.39,0.8208955223880597
-98,110,5,-16.0,0.8,0.8064516129032258
-103,110,5,-16.0,0.8,0.8064516129032258
-98,110,5,-16.0,0.8,0.8064516129032258
-96,110,5,-16.0,0.8,0.8064516129032258
-96,110,5,-16.0,0.8,0.8064516129032258
-91,110,5,-16.0,0.8,0.8064516129032258
-94,110,5,-16.0,0.8,0.8064516129032258
-93,110,5,-16.0,0.8,0.8064516129032258
-93,110,5,-16.0,0.8,0.8064516129032258
-94,110,5,-16.0,0.8,0.8064516129032258
-92,110,5,-16.0,0.8,0.8064516129032258
-93,110,5,-16.0,0.8,0.8064516129032258
-89,110,5,-16.0,0.8,0.8064516129032258
-91,110,5,-16.0,0.8,0.8064516129032258
-92,110,5,-16.0,0.8,0.8064516129032258
-93,110,5,-16.0,0.8,0.8064516129032258
-93,110,5,-16.0,0.8,0.8064516129032258
-92,110,5,-16.0,0.8,0.8064516129032258
-91,110,5,-16.0,0.8,0.8064516129032258
-89,110,5,-16.0,0.8,0.8064516129032258
-92,110,5,-16.0,0.8,0.8064516129032258
-85,110,5,-16.0,0.8,0.8064516129032258
-91,110,5,-16.0,0.8,0.8064516129032258
-93,110,5,-16.0,0.8,0.8064516129032258
-94,110,5,-16.0,0.8,0.8064516129032258
-95,120,5,-16.0,1.5,0.803921568627451
-97,120,5,-16.0,1.5,0.803921568627451
-101,120,5,-16.0,1.5,0.803921568627451
-98,120,5,-16.0,1.5,0.803921568627451
-100,120,5,-16.0,1.5,0.803921568627451
-100,120,5,-16.0,1.5,0.803921568627451
-99,120,5,-16.0,1.5,0.803921568627451
-98,120,5,-16.0,1.5,0.803921568627451
-97,120,5,-16.0,1.5,0.803921568627451
-96,120,5,-16.0,1.5,0.803921568627451
-97,120,5,-16.0,1.5,0.803921568627451
-100,120,5,-16.0,1.5,0.803921568627451
-99,120,5,-16.0,1.5,0.803921568627451
-98,120,5,-16.0,1.5,0.803921568627451
-97,120,5,-16.0,1.5,0.803921568627451
-99,120,5,-16.0,1.5,0.803921568627451
-97,120,5,-16.0,1.5,0.803921568627451
-98,120,5,-16.0,1.5,0.803921568627451
-98,120,5,-16.0,1.5,0.803921568627451
-98,120,5,-16.0,1.5,0.803921568627451
-96,120,5,-16.0,1.5,0.803921568627451
-95,120,5,-16.0,1.5,0.803921568627451
-97,120,5,-16.0,1.5,0.803921568627451
-97,120,5,-16.0,1.5,0.803921568627451
-93,120,5,-16.0,1.5,0.803921568627451
-96,120,5,-16.0,1.5,0.803921568627451
-97,120,5,-16.0,1.5,0.803921568627451
-95,120,5,-16.0,1.5,0.803921568627451
-100,120,5,-16.0,1.5,0.803921568627451
-97,120,5,-16.0,1.5,0.803921568627451
-97,120,5,-16.0,1.5,0.803921568627451
-98,120,5,-16.0,1.5,0.803921568627451
-97,120,5,-16.0,1.5,0.803921568627451
-99,120,5,-16.0,1.5,0.803921568627451
-100,120,5,-16.0,1.5,0.803921568627451
-99,120,5,-16.0,1.5,0.803921568627451
-98,120,5,-16.0,1.5,0.803921568627451
-99,120,5,-16.0,1.5,0.803921568627451
-95,120,5,-16.0,1.5,0.803921568627451
-95,120,5,-16.0,1.5,0.803921568627451
-95,120,5,-16.0,1.5,0.803921568627451
-101,130,5,-16.0,0.8,0.8032786885245902
-103,130,5,-16.0,0.8,0.8032786885245902
-102,130,5,-16.0,0.8,0.8032786885245902
-104,130,5,-16.0,0.8,0.8032786885245902
-101,130,5,-16.0,0.8,0.8032786885245902
-103,130,5,-16.0,0.8,0.8032786885245902
-97,130,5,-16.0,0.8,0.8032786885245902
-101,130,5,-16.0,0.8,0.8032786885245902
-101,130,5,-16.0,0.8,0.8032786885245902
-102,130,5,-16.0,0.8,0.8032786885245902
-100,130,5,-16.0,0.8,0.8032786885245902
-97,130,5,-16.0,0.8,0.8032786885245902
-100,130,5,-16.0,0.8,0.8032786885245902
-99,130,5,-16.0,0.8,0.8032786885245902
-101,130,5,-16.0,0.8,0.8032786885245902
-100,130,5,-16.0,0.8,0.8032786885245902
-94,130,5,-16.0,0.8,0.8032786885245902
-94,130,5,-16.0,0.8,0.8032786885245902
-100,130,5,-16.0,0.8,0.8032786885245902
-100,130,5,-16.0,0.8,0.8032786885245902
-101,130,5,-16.0,0.8,0.8032786885245902
-100,130,5,-16.0,0.8,0.8032786885245902
-96,130,5,-16.0,0.8,0.8032786885245902
-98,130,5,-16.0,0.8,0.8032786885245902
-97,130,5,-16.0,0.8,0.8032786885245902
-96,130,5,-16.0,0.8,0.8032786885245902
-97,130,5,-16.0,0.8,0.8032786885245902
-96,130,5,-16.0,0.8,0.8032786885245902
-91,130,5,-16.0,0.8,0.8032786885245902
-94,130,5,-16.0,0.8,0.8032786885245902
-101,130,5,-16.0,0.8,0.8032786885245902
-99,130,5,-16.0,0.8,0.8032786885245902
-96,130,5,-16.0,0.8,0.8032786885245902
-97,130,5,-16.0,0.8,0.8032786885245902
-95,130,5,-16.0,0.8,0.8032786885245902
-95,130,5,-16.0,0.8,0.8032786885245902
-93,130,5,-16.0,0.8,0.8032786885245902
-98,130,5,-16.0,0.8,0.8032786885245902
-98,130,5,-16.0,0.8,0.8032786885245902
-99,130,5,-16.0,0.8,0.8032786885245902
-100,130,5,-16.0,0.8,0.8032786885245902
-99,130,5,-16.0,0.8,0.8032786885245902
-99,130,5,-16.0,0.8,0.8032786885245902
-98,130,5,-16.0,0.8,0.8032786885245902
-99,130,5,-16.0,0.8,0.8032786885245902
-99,130,5,-16.0,0.8,0.8032786885245902
-97,130,5,-16.0,0.8,0.8032786885245902
-100,130,5,-16.0,0.8,0.8032786885245902
-98,130,5,-16.0,0.8,0.8032786885245902
-91,140,5,-16.0,1.5,0.803921568627451
-96,140,5,-16.0,1.5,0.803921568627451
-92,140,5,-16.0,1.5,0.803921568627451
-95,140,5,-16.0,1.5,0.803921568627451
-95,140,5,-16.0,1.5,0.803921568627451
-89,140,5,-16.0,1.5,0.803921568627451
-92,140,5,-16.0,1.5,0.803921568627451
-95,140,5,-16.0,1.5,0.803921568627451
-96,140,5,-16.0,1.5,0.803921568627451
-95,140,5,-16.0,1.5,0.803921568627451
-94,140,5,-16.0,1.5,0.803921568627451
-94,140,5,-16.0,1.5,0.803921568627451
-94,140,5,-16.0,1.5,0.803921568627451
-92,140,5,-16.0,1.5,0.803921568627451
-95,140,5,-16.0,1.5,0.803921568627451
-96,140,5,-16.0,1.5,0.803921568627451
-95,140,5,-16.0,1.5,0.803921568627451
-95,140,5,-16.0,1.5,0.803921568627451
-95,140,5,-16.0,1.5,0.803921568627451
-95,140,5,-16.0,1.5,0.803921568627451
-95,140,5,-16.0,1.5,0.803921568627451
-93,140,5,-16.0,1.5,0.803921568627451
-96,140,5,-16.0,1.5,0.803921568627451
-91,140,5,-16.0,1.5,0.803921568627451
-94,140,5,-16.0,1.5,0.803921568627451
-95,140,5,-16.0,1.5,0.803921568627451
-96,140,5,-16.0,1.5,0.803921568627451
-95,140,5,-16.0,1.5,0.803921568627451
-96,140,5,-16.0,1.5,0.803921568627451
-92,140,5,-16.0,1.5,0.803921568627451
-95,140,5,-16.0,1.5,0.803921568627451
-92,140,5,-16.0,1.5,0.803921568627451
-96,140,5,-16.0,1.5,0.803921568627451
-95,140,5,-16.0,1.5,0.803921568627451
-95,140,5,-16.0,1.5,0.803921568627451
-92,140,5,-16.0,1.5,0.803921568627451
-95,140,5,-16.0,1.5,0.803921568627451
-95,140,5,-16.0,1.5,0.803921568627451
-96,140,5,-16.0,1.5,0.803921568627451
-95,140,5,-16.0,1.5,0.803921568627451
-97,140,5,-16.0,1.5,0.803921568627451
-98,150,5,-16.0,0.8,0.82
-100,150,5,-16.0,0.8,0.82
-99,150,5,-16.0,0.8,0.82
-99,150,5,-16.0,0.8,0.82
-95,150,5,-16.0,0.8,0.82
-96,150,5,-16.0,0.8,0.82
-98,150,5,-16.0,0.8,0.82
-97,150,5,-16.0,0.8,0.82
-98,150,5,-16.0,0.8,0.82
-95,150,5,-16.0,0.8,0.82
-98,150,5,-16.0,0.8,0.82
-94,150,5,-16.0,0.8,0.82
-101,150,5,-16.0,0.8,0.82
-99,150,5,-16.0,0.8,0.82
-98,150,5,-16.0,0.8,0.82
-91,150,5,-16.0,0.8,0.82
-93,150,5,-16.0,0.8,0.82
-92,150,5,-16.0,0.8,0.82
-93,150,5,-16.0,0.8,0.82
-94,150,5,-16.0,0.8,0.82
-98,150,5,-16.0,0.8,0.82
-101,150,5,-16.0,0.8,0.82
-108,150,5,-16.0,0.8,0.82
-98,150,5,-16.0,0.8,0.82
-104,150,5,-16.0,0.8,0.82
-103,150,5,-16.0,0.8,0.82
-100,150,5,-16.0,0.8,0.82
-100,150,5,-16.0,0.8,0.82
-100,150,5,-16.0,0.8,0.82
-100,150,5,-16.0,0.8,0.82
-101,150,5,-16.0,0.8,0.82
-98,150,5,-16.0,0.8,0.82
-99,150,5,-16.0,0.8,0.82
-97,150,5,-16.0,0.8,0.82
-97,150,5,-16.0,0.8,0.82
-99,150,5,-16.0,0.8,0.82
-101,150,5,-16.0,0.8,0.82
-106,150,5,-16.0,0.8,0.82
-103,150,5,-16.0,0.8,0.82
-106,150,5,-16.0,0.8,0.82
-105,150,5,-16.0,0.8,0.82
-103,160,5,-16.0,1.5,0.803921568627451
-102,160,5,-16.0,1.5,0.803921568627451
-105,160,5,-16.0,1.5,0.803921568627451
-103,160,5,-16.0,1.5,0.803921568627451
-101,160,5,-16.0,1.5,0.803921568627451
-102,160,5,-16.0,1.5,0.803921568627451
-104,160,5,-16.0,1.5,0.803921568627451
-103,160,5,-16.0,1.5,0.803921568627451
-104,160,5,-16.0,1.5,0.803921568627451
-104,160,5,-16.0,1.5,0.803921568627451
-103,160,5,-16.0,1.5,0.803921568627451
-105,160,5,-16.0,1.5,0.803921568627451
-105,160,5,-16.0,1.5,0.803921568627451
-105,160,5,-16.0,1.5,0.803921568627451
-103,160,5,-16.0,1.5,0.803921568627451
-103,160,5,-16.0,1.5,0.803921568627451
-103,160,5,-16.0,1.5,0.803921568627451
-105,160,5,-16.0,1.5,0.803921568627451
-103,160,5,-16.0,1.5,0.803921568627451
-105,160,5,-16.0,1.5,0.803921568627451
-105,160,5,-16.0,1.5,0.803921568627451
-99,160,5,-16.0,1.5,0.803921568627451
-103,160,5,-16.0,1.5,0.803921568627451
-105,160,5,-16.0,1.5,0.803921568627451
-104,160,5,-16.0,1.5,0.803921568627451
-103,160,5,-16.0,1.5,0.803921568627451
-104,160,5,-16.0,1.5,0.803921568627451
-103,160,5,-16.0,1.5,0.803921568627451
-103,160,5,-16.0,1.5,0.803921568627451
-104,160,5,-16.0,1.5,0.803921568627451
-102,160,5,-16.0,1.5,0.803921568627451
-103,160,5,-16.0,1.5,0.803921568627451
-103,160,5,-16.0,1.5,0.803921568627451
-104,160,5,-16.0,1.5,0.803921568627451
-105,160,5,-16.0,1.5,0.803921568627451
-103,160,5,-16.0,1.5,0.803921568627451
-104,160,5,-16.0,1.5,0.803921568627451
-103,160,5,-16.0,1.5,0.803921568627451
-104,160,5,-16.0,1.5,0.803921568627451
-105,160,5,-16.0,1.5,0.803921568627451
-104,160,5,-16.0,1.5,0.803921568627451
-105,170,5,-16.0,0.8,0.7796610169491526
-105,170,5,-16.0,0.8,0.7796610169491526
-101,170,5,-16.0,0.8,0.7796610169491526
-102,170,5,-16.0,0.8,0.7796610169491526
-103,170,5,-16.0,0.8,0.7796610169491526
-103,170,5,-16.0,0.8,0.7796610169491526
-101,170,5,-16.0,0.8,0.7796610169491526
-103,170,5,-16.0,0.8,0.7796610169491526
-101,170,5,-16.0,0.8,0.7796610169491526
-105,170,5,-16.0,0.8,0.7796610169491526
-107,170,5,-16.0,0.8,0.7796610169491526
-106,170,5,-16.0,0.8,0.7796610169491526
-107,170,5,-16.0,0.8,0.7796610169491526
-105,170,5,-16.0,0.8,0.7796610169491526
-109,170,5,-16.0,0.8,0.7796610169491526
-106,170,5,-16.0,0.8,0.7796610169491526
-109,170,5,-16.0,0.8,0.7796610169491526
-113,170,5,-16.0,0.8,0.7796610169491526
-113,170,5,-16.0,0.8,0.7796610169491526
-109,170,5,-16.0,0.8,0.7796610169491526
-109,170,5,-16.0,0.8,0.7796610169491526
-105,170,5,-16.0,0.8,0.7796610169491526
-108,170,5,-16.0,0.8,0.7796610169491526
-107,170,5,-16.0,0.8,0.7796610169491526
-108,170,5,-16.0,0.8,0.7796610169491526
-104,170,5,-16.0,0.8,0.7796610169491526
-107,170,5,-16.0,0.8,0.7796610169491526
-103,170,5,-16.0,0.8,0.7796610169491526
-106,170,5,-16.0,0.8,0.7796610169491526
-101,170,5,-16.0,0.8,0.7796610169491526
-103,170,5,-16.0,0.8,0.7796610169491526
-110,170,5,-16.0,0.8,0.7796610169491526
-110,170,5,-16.0,0.8,0.7796610169491526
-114,170,5,-16.0,0.8,0.7796610169491526
-105,170,5,-16.0,0.8,0.7796610169491526
-105,170,5,-16.0,0.8,0.7796610169491526
-105,170,5,-16.0,0.8,0.7796610169491526
-105,170,5,-16.0,0.8,0.7796610169491526
-110,170,5,-16.0,0.8,0.7796610169491526
-112,170,5,-16.0,0.8,0.7796610169491526
-111,170,5,-16.0,0.8,0.7796610169491526
-103,170,5,-16.0,0.8,0.7796610169491526
-110,170,5,-16.0,0.8,0.7796610169491526
-106,170,5,-16.0,0.8,0.7796610169491526
-98,170,5,-16.0,0.8,0.7796610169491526
-96,170,5,-16.0,0.8,0.7796610169491526
-100,180,5,-16.0,1.5,0.803921568627451
-103,180,5,-16.0,1.5,0.803921568627451
-105,180,5,-16.0,1.5,0.803921568627451
-102,180,5,-16.0,1.5,0.803921568627451
-104,180,5,-16.0,1.5,0.803921568627451
-102,180,5,-16.0,1.5,0.803921568627451
-100,180,5,-16.0,1.5,0.803921568627451
-103,180,5,-16.0,1.5,0.803921568627451
-102,180,5,-16.0,1.5,0.803921568627451
-103,180,5,-16.0,1.5,0.803921568627451
-104,180,5,-16.0,1.5,0.803921568627451
-105,180,5,-16.0,1.5,0.803921568627451
-105,180,5,-16.0,1.5,0.803921568627451
-104,180,5,-16.0,1.5,0.803921568627451
-103,180,5,-16.0,1.5,0.803921568627451
-104,180,5,-16.0,1.5,0.803921568627451
-104,180,5,-16.0,1.5,0.803921568627451
-104,180,5,-16.0,1.5,0.803921568627451
-103,180,5,-16.0,1.5,0.803921568627451
-104,180,5,-16.0,1.5,0.803921568627451
-103,180,5,-16.0,1.5,0.803921568627451
-104,180,5,-16.0,1.5,0.803921568627451
-104,180,5,-16.0,1.5,0.803921568627451
-105,180,5,-16.0,1.5,0.803921568627451
-103,180,5,-16.0,1.5,0.803921568627451
-104,180,5,-16.0,1.5,0.803921568627451
-104,180,5,-16.0,1.5,0.803921568627451
-104,180,5,-16.0,1.5,0.803921568627451
-103,180,5,-16.0,1.5,0.803921568627451
-102,180,5,-16.0,1.5,0.803921568627451
-103,180,5,-16.0,1.5,0.803921568627451
-102,180,5,-16.0,1.5,0.803921568627451
-104,180,5,-16.0,1.5,0.803921568627451
-101,180,5,-16.0,1.5,0.803921568627451
-103,180,5,-16.0,1.5,0.803921568627451
-104,180,5,-16.0,1.5,0.803921568627451
-103,180,5,-16.0,1.5,0.803921568627451
-105,180,5,-16.0,1.5,0.803921568627451
-101,180,5,-16.0,1.5,0.803921568627451
-103,180,5,-16.0,1.5,0.803921568627451
-105,180,5,-16.0,1.5,0.803921568627451
-91,200,5,-16.0,0.8,0.7947368421052632
-91,200,5,-16.0,0.8,0.7947368421052632
-91,200,5,-16.0,0.8,0.7947368421052632
-99,200,5,-16.0,0.8,0.7947368421052632
-117,200,5,-16.0,0.8,0.7947368421052632
-108,200,5,-16.0,0.8,0.7947368421052632
-109,200,5,-16.0,0.8,0.7947368421052632
-103,200,5,-16.0,0.8,0.7947368421052632
-103,200,5,-16.0,0.8,0.7947368421052632
-104,200,5,-16.0,0.8,0.7947368421052632
-105,200,5,-16.0,0.8,0.7947368421052632
-105,200,5,-16.0,0.8,0.7947368421052632
-107,200,5,-16.0,0.8,0.7947368421052632
-103,200,5,-16.0,0.8,0.7947368421052632
-109,200,5,-16.0,0.8,0.7947368421052632
-106,200,5,-16.0,0.8,0.7947368421052632
-106,200,5,-16.0,0.8,0.7947368421052632
-107,200,5,-16.0,0.8,0.7947368421052632
-109,200,5,-16.0,0.8,0.7947368421052632
-108,200,5,-16.0,0.8,0.7947368421052632
-107,200,5,-16.0,0.8,0.7947368421052632
-106,200,5,-16.0,0.8,0.7947368421052632
-106,200,5,-16.0,0.8,0.7947368421052632
-107,200,5,-16.0,0.8,0.7947368421052632
-106,200,5,-16.0,0.8,0.7947368421052632
-104,200,5,-16.0,0.8,0.7947368421052632
-103,200,5,-16.0,0.8,0.7947368421052632
-106,200,5,-16.0,0.8,0.7947368421052632
-107,200,5,-16.0,0.8,0.7947368421052632
-104,200,5,-16.0,0.8,0.7947368421052632
-104,200,5,-16.0,0.8,0.7947368421052632
-107,200,5,-16.0,0.8,0.7947368421052632
-107,200,5,-16.0,0.8,0.7947368421052632
-106,200,5,-16.0,0.8,0.7947368421052632
-107,200,5,-16.0,0.8,0.7947368421052632
-106,200,5,-16.0,0.8,0.7947368421052632
-107,200,5,-16.0,0.8,0.7947368421052632
-107,200,5,-16.0,0.8,0.7947368421052632
-108,200,5,-16.0,0.8,0.7947368421052632
-111,200,5,-16.0,0.8,0.7947368421052632
-103,200,5,-16.0,0.8,0.7947368421052632
-107,200,5,-16.0,0.8,0.7947368421052632
-107,200,5,-16.0,0.8,0.7947368421052632
-110,200,5,-16.0,0.8,0.7947368421052632
-108,200,5,-16.0,0.8,0.7947368421052632
-104,200,5,-16.0,0.8,0.7947368421052632
-104,200,5,-16.0,0.8,0.7947368421052632
-105,200,5,-16.0,0.8,0.7947368421052632
-106,200,5,-16.0,0.8,0.7947368421052632
-106,200,5,-16.0,0.8,0.7947368421052632
-107,200,5,-16.0,0.8,0.7947368421052632
-104,200,5,-16.0,0.8,0.7947368421052632
-106,200,5,-16.0,0.8,0.7947368421052632
-108,200,5,-16.0,0.8,0.7947368421052632
-105,200,5,-16.0,0.8,0.7947368421052632
-100,200,5,-16.0,0.8,0.7947368421052632
-111,200,5,-16.0,0.8,0.7947368421052632
-107,200,5,-16.0,0.8,0.7947368421052632
-99,200,5,-16.0,0.8,0.7947368421052632
-100,200,5,-16.0,0.8,0.7947368421052632
-97,200,5,-16.0,0.8,0.7947368421052632
-108,200,5,-16.0,0.8,0.7947368421052632
-95,200,5,-16.0,0.8,0.7947368421052632
-97,200,5,-16.0,0.8,0.7947368421052632
-97,200,5,-16.0,0.8,0.7947368421052632
-97,200,5,-16.0,0.8,0.7947368421052632
-99,200,5,-16.0,0.8,0.7947368421052632
-97,200,5,-16.0,0.8,0.7947368421052632
-99,200,5,-16.0,0.8,0.7947368421052632
-100,200,5,-16.0,0.8,0.7947368421052632
-98,200,5,-16.0,0.8,0.7947368421052632
-99,200,5,-16.0,0.8,0.7947368421052632
-100,200,5,-16.0,0.8,0.7947368421052632
-98,200,5,-16.0,0.8,0.7947368421052632
-98,200,5,-16.0,0.8,0.7947368421052632
-100,200,5,-16.0,0.8,0.7947368421052632
-99,200,5,-16.0,0.8,0.7947368421052632
-100,200,5,-16.0,0.8,0.7947368421052632
-98,200,5,-16.0,0.8,0.7947368421052632
-97,200,5,-16.0,0.8,0.7947368421052632
-98,200,5,-16.0,0.8,0.7947368421052632
-94,200,5,-16.0,0.8,0.7947368421052632
-98,200,5,-16.0,0.8,0.7947368421052632
-98,200,5,-16.0,0.8,0.7947368421052632
-98,200,5,-16.0,0.8,0.7947368421052632
-96,200,5,-16.0,0.8,0.7947368421052632
-99,200,5,-16.0,0.8,0.7947368421052632
-97,200,5,-16.0,0.8,0.7947368421052632
-98,200,5,-16.0,0.8,0.7947368421052632
-98,200,5,-16.0,0.8,0.7947368421052632
-97,200,5,-16.0,0.8,0.7947368421052632
-96,200,5,-16.0,0.8,0.7947368421052632
-97,200,5,-16.0,0.8,0.7947368421052632
-97,200,5,-16.0,0.8,0.7947368421052632
-98,200,5,-16.0,0.8,0.7947368421052632
-96,200,5,-16.0,0.8,0.7947368421052632
-98,200,5,-16.0,0.8,0.7947368421052632
-98,200,5,-16.0,0.8,0.7947368421052632
-95,200,5,-16.0,0.8,0.7947368421052632
-98,200,5,-16.0,0.8,0.7947368421052632
-96,200,5,-16.0,0.8,0.7947368421052632
-92,200,5,-16.0,0.8,0.7947368421052632
-100,200,5,-16.0,0.8,0.7947368421052632
-99,200,5,-16.0,0.8,0.7947368421052632
-98,200,5,-16.0,0.8,0.7947368421052632
-100,200,5,-16.0,0.8,0.7947368421052632
-99,200,5,-16.0,0.8,0.7947368421052632
-100,200,5,-16.0,0.8,0.7947368421052632
-100,200,5,-16.0,0.8,0.7947368421052632
-100,200,5,-16.0,0.8,0.7947368421052632
-96,200,5,-16.0,0.8,0.7947368421052632
-100,200,5,-16.0,0.8,0.7947368421052632
-100,200,5,-16.0,0.8,0.7947368421052632
-99,200,5,-16.0,0.8,0.7947368421052632
-96,200,5,-16.0,0.8,0.7947368421052632
-96,200,5,-16.0,0.8,0.7947368421052632
-99,200,5,-16.0,0.8,0.7947368421052632
-99,200,5,-16.0,0.8,0.7947368421052632
-98,200,5,-16.0,0.8,0.7947368421052632
-99,200,5,-16.0,0.8,0.7947368421052632
-99,200,5,-16.0,0.8,0.7947368421052632
-100,200,5,-16.0,0.8,0.7947368421052632
-96,200,5,-16.0,0.8,0.7947368421052632
-98,200,5,-16.0,0.8,0.7947368421052632
-96,200,5,-16.0,0.8,0.7947368421052632
-97,200,5,-16.0,0.8,0.7947368421052632
-96,200,5,-16.0,0.8,0.7947368421052632
-97,200,5,-16.0,0.8,0.7947368421052632
-98,200,5,-16.0,0.8,0.7947368421052632
-99,200,5,-16.0,0.8,0.7947368421052632
-97,200,5,-16.0,0.8,0.7947368421052632
-97,200,5,-16.0,0.8,0.7947368421052632
-98,200,5,-16.0,0.8,0.7947368421052632
-99,200,5,-16.0,0.8,0.7947368421052632
-98,200,5,-16.0,0.8,0.7947368421052632
-98,200,5,-16.0,0.8,0.7947368421052632
-95,200,5,-16.0,0.8,0.7947368421052632
-99,200,5,-16.0,0.8,0.7947368421052632
-100,200,5,-16.0,0.8,0.7947368421052632
-98,200,5,-16.0,0.8,0.7947368421052632
-96,200,5,-16.0,0.8,0.7947368421052632
-99,200,5,-16.0,0.8,0.7947368421052632
-97,200,5,-16.0,0.8,0.7947368421052632
-99,200,5,-16.0,0.8,0.7947368421052632
-99,200,5,-16.0,0.8,0.7947368421052632
-98,200,5,-16.0,0.8,0.7947368421052632
-100,200,5,-16.0,0.8,0.7947368421052632
-98,200,5,-16.0,0.8,0.7947368421052632
-99,200,5,-16.0,0.8,0.7947368421052632
-99,200,5,-16.0,0.8,0.7947368421052632
-99,200,5,-16.0,0.8,0.7947368421052632
-108,200,5,-16.0,1.5,0.7916666666666666
-102,200,5,-16.0,1.5,0.7916666666666666
-103,200,5,-16.0,1.5,0.7916666666666666
-105,200,5,-16.0,1.5,0.7916666666666666
-106,200,5,-16.0,1.5,0.7916666666666666
-106,200,5,-16.0,1.5,0.7916666666666666
-105,200,5,-16.0,1.5,0.7916666666666666
-106,200,5,-16.0,1.5,0.7916666666666666
-105,200,5,-16.0,1.5,0.7916666666666666
-101,200,5,-16.0,1.5,0.7916666666666666
-106,200,5,-16.0,1.5,0.7916666666666666
-105,200,5,-16.0,1.5,0.7916666666666666
-105,200,5,-16.0,1.5,0.7916666666666666
-106,200,5,-16.0,1.5,0.7916666666666666
-103,200,5,-16.0,1.5,0.7916666666666666
-106,200,5,-16.0,1.5,0.7916666666666666
-105,200,5,-16.0,1.5,0.7916666666666666
-102,200,5,-16.0,1.5,0.7916666666666666
-104,200,5,-16.0,1.5,0.7916666666666666
-102,200,5,-16.0,1.5,0.7916666666666666
-105,200,5,-16.0,1.5,0.7916666666666666
-103,200,5,-16.0,1.5,0.7916666666666666
-105,200,5,-16.0,1.5,0.7916666666666666
-106,200,5,-16.0,1.5,0.7916666666666666
-103,200,5,-16.0,1.5,0.7916666666666666
-105,200,5,-16.0,1.5,0.7916666666666666
-101,200,5,-16.0,1.5,0.7916666666666666
-104,200,5,-16.0,1.5,0.7916666666666666
-104,200,5,-16.0,1.5,0.7916666666666666
-109,200,5,-16.0,1.5,0.7916666666666666
-109,200,5,-16.0,1.5,0.7916666666666666
-109,200,5,-16.0,1.5,0.7916666666666666
-105,200,5,-16.0,1.5,0.7916666666666666
-102,200,5,-16.0,1.5,0.7916666666666666
-103,200,5,-16.0,1.5,0.7916666666666666
-105,200,5,-16.0,1.5,0.7916666666666666
-105,200,5,-16.0,1.5,0.7916666666666666
-106,200,5,-16.0,1.5,0.7916666666666666
-106,200,5,-16.0,1.5,0.7916666666666666
-105,200,5,-16.0,1.5,0.7916666666666666
-106,200,5,-16.0,1.5,0.7916666666666666
-102,200,5,-16.0,1.5,0.7916666666666666
-105,200,5,-16.0,1.5,0.7916666666666666
-105,200,5,-16.0,1.5,0.7916666666666666
-105,200,5,-16.0,1.5,0.7916666666666666
-105,200,5,-16.0,1.5,0.7916666666666666
-103,200,5,-16.0,1.5,0.7916666666666666
-104,200,5,-16.0,1.5,0.7916666666666666
-106,200,5,-16.0,1.5,0.7916666666666666
-105,200,5,-16.0,1.5,0.7916666666666666
-106,200,5,-16.0,1.5,0.7916666666666666
-106,200,5,-16.0,1.5,0.7916666666666666
-106,200,5,-16.0,1.5,0.7916666666666666
-105,200,5,-16.0,1.5,0.7916666666666666
-106,200,5,-16.0,1.5,0.7916666666666666
-102,200,5,-16.0,1.5,0.7916666666666666
-102,200,5,-16.0,1.5,0.7916666666666666
-105,200,5,-16.0,1.5,0.7916666666666666
-106,200,5,-16.0,1.5,0.7916666666666666
-102,200,5,-16.0,1.5,0.7916666666666666
-100,200,5,-16.0,1.5,0.7916666666666666
-105,200,5,-16.0,1.5,0.7916666666666666
-105,200,5,-16.0,1.5,0.7916666666666666
-105,200,5,-16.0,1.5,0.7916666666666666
-105,200,5,-16.0,1.5,0.7916666666666666
-105,200,5,-16.0,1.5,0.7916666666666666
-105,200,5,-16.0,1.5,0.7916666666666666
-103,200,5,-16.0,1.5,0.7916666666666666
-106,200,5,-16.0,1.5,0.7916666666666666
-105,200,5,-16.0,1.5,0.7916666666666666
-104,200,5,-16.0,1.5,0.7916666666666666
-106,200,5,-16.0,1.5,0.7916666666666666
-104,200,5,-16.0,1.5,0.7916666666666666
-105,200,5,-16.0,1.5,0.7916666666666666
-105,200,5,-16.0,1.5,0.7916666666666666
-106,200,5,-16.0,1.5,0.7916666666666666
-106,200,5,-16.0,1.5,0.7916666666666666
-106,200,5,-16.0,1.5,0.7916666666666666
-104,200,5,-16.0,1.5,0.7916666666666666
-105,200,5,-16.0,1.5,0.7916666666666666
-104,200,5,-16.0,1.5,0.7916666666666666
-102,200,5,-16.0,1.5,0.7916666666666666
-106,200,5,-16.0,1.5,0.7916666666666666
-102,200,5,-16.0,1.5,0.7916666666666666
-106,200,5,-16.0,1.5,0.7916666666666666
-101,200,5,-16.0,1.5,0.7916666666666666
-105,200,5,-16.0,1.5,0.7916666666666666
-103,200,5,-16.0,1.5,0.7916666666666666
-104,200,5,-16.0,1.5,0.7916666666666666
-106,200,5,-16.0,1.5,0.7916666666666666
-108,200,5,-16.0,1.5,0.7916666666666666
-105,200,5,-16.0,1.5,0.7916666666666666
-107,200,5,-16.0,1.5,0.7916666666666666
-107,200,5,-16.0,1.5,0.7916666666666666
-107,200,5,-16.0,1.5,0.7916666666666666
